image,prediction_rank,confidence,correct,best_unmatched_iou,matched_gt_index,num_ground_truth_boxes,x1,y1,x2,y2
risid_0900-1_000066_6_0.png,1,0.8464564681053162,1,0.9412563775090793,0,1,130.62123107910156,522.0282592773438,146.12185668945312,554.420166015625
risid_0900-1_000072_6_0.png,1,0.8061404228210449,1,0.9474343677987467,0,1,564.7664794921875,479.45916748046875,578.0313110351562,515.6629638671875
risid_0900-1_001044_5_0.png,1,0.8620485067367554,1,0.9182088168995176,0,1,331.8591613769531,619.6009521484375,367.7048645019531,664.2011108398438
risid_0900-1_001068_5_0.png,1,0.8838318586349487,1,0.7967054953181041,0,1,169.3667449951172,183.94581604003906,203.29403686523438,225.3694305419922
risid_0900-1_001356_6_0.png,1,0.8570601344108582,1,0.9364805990422853,0,1,615.8903198242188,232.927978515625,641.6658935546875,280.46954345703125
risid_0900-2_001380_1_0.png,1,0.9432512521743774,1,0.8715833167649265,0,1,691.2403564453125,312.83837890625,716.8458862304688,379.9056091308594
risid_1030-1_000282_2_0.png,1,0.8856000304222107,1,0.9617590441853615,0,1,87.75873565673828,513.0092163085938,142.1596221923828,543.416259765625
risid_1030-1_000282_2_0.png,2,0.6495295763015747,0,0.0,-1,1,138.91261291503906,867.5485229492188,152.6711883544922,892.8345947265625
risid_1030-1_000312_2_0.png,1,0.8434250950813293,1,0.858420543107495,0,1,154.58352661132812,72.83370208740234,207.558837890625,93.63621520996094
risid_1030-1_000684_6_0.png,1,0.622674286365509,1,0.8972162071592291,0,1,284.62200927734375,534.7266845703125,315.90618896484375,608.377685546875
risid_1030-1_000684_6_0.png,2,0.2644332945346832,0,0.0,-1,1,285.391845703125,534.9786376953125,315.62603759765625,608.9837646484375
risid_1030-1_001764_2_0.png,1,0.9406061768531799,1,0.9333820138165939,0,1,334.5025329589844,277.06976318359375,385.75604248046875,318.63897705078125
risid_1030-1_001782_2_0.png,1,0.9174854755401611,1,0.973257426536674,0,1,361.62152099609375,3.8260040283203125,414.69854736328125,34.72955322265625
risid_1100_001020_5_0.png,1,0.8953829407691956,1,0.8937840500061466,0,1,239.0942840576172,858.6563720703125,275.08563232421875,896.5865478515625
risid_20100923193513_000414_4_0.png,1,0.7126162648200989,1,0.8802250692334945,0,1,432.7245178222656,165.46327209472656,487.44415283203125,388.26739501953125
risid_20100923193750_001728_1_0.png,1,0.27164390683174133,1,0.7600210137361171,0,1,291.721923828125,1002.6475830078125,337.14202880859375,1024.0
risid_20100923202714_000348_1_0.png,1,0.9425047636032104,1,0.8966062767947331,0,1,744.9819946289062,744.3701782226562,803.6026611328125,800.8770751953125
risid_20100923203008_001386_3_0.png,1,0.9612613916397095,1,0.9773995645360906,0,1,5.882830619812012,427.99273681640625,129.8979034423828,534.2694091796875
risid_20100923203008_001404_3_0.png,1,0.956404447555542,1,0.9915646948798535,0,1,0.09842224419116974,29.02581787109375,91.99530029296875,140.2060089111328
risid_20100923203008_001410_3_0.png,1,0.5208044052124023,1,0.8401080133536263,0,1,27.101343154907227,0.0,65.21928405761719,12.270594596862793
risid_20100923224423_000438_3_0.png,1,0.9492730498313904,1,0.9548866357064679,0,1,259.2252197265625,820.3860473632812,319.42291259765625,884.1295166015625
risid_20100923234254_001674_1_0.png,1,0.8831459879875183,1,0.9721914112024862,0,1,736.0357055664062,861.9519653320312,793.8949584960938,899.2811279296875
risid_20100923234413_000522_6_0.png,1,0.8277376890182495,1,0.6874320744939063,0,1,639.0777587890625,220.59353637695312,673.239501953125,259.58917236328125
risid_20100924012721_000816_1_0.png,1,0.5914336442947388,1,0.9162348292703272,0,1,113.62931060791016,815.09375,135.36264038085938,865.7179565429688
risid_20100924012721_000846_1_0.png,1,0.8252075910568237,1,0.8619076367741457,0,1,44.753379821777344,388.315185546875,68.16899108886719,433.1177673339844
risid_20101031072710_000864_1_0.png,1,0.6013752818107605,1,0.8866604808109806,0,1,865.8626098632812,244.7472686767578,925.3692626953125,321.16583251953125
risid_20101031073002_000156_1_0.png,1,0.9239482879638672,1,0.8923760855562604,0,1,908.0987548828125,649.4847412109375,966.0017700195312,749.510986328125
risid_20101031073002_000180_1_0.png,1,0.9074528217315674,1,0.8416980705853838,0,1,760.7544555664062,162.7599334716797,815.6805419921875,265.7288818359375
risid_20101031073002_000534_6_0.png,1,0.8113411068916321,1,0.9532312232612487,0,1,677.2989501953125,300.67718505859375,722.3843994140625,356.26580810546875
risid_20101031073002_000540_6_0.png,1,0.9152169823646545,1,0.8954001211756982,0,1,651.2911376953125,180.436767578125,701.0521240234375,234.30868530273438
risid_20101031080524_000876_6_0.png,1,0.8371304273605347,1,0.8144558547385985,0,1,165.09226989746094,454.7948303222656,194.2042694091797,511.1402282714844
risid_20101031080655_000390_6_0.png,1,0.6558257341384888,1,0.8224534140416647,0,1,875.0109252929688,707.2938842773438,897.9161376953125,751.131591796875
risid_20101031080655_001584_1_0.png,1,0.8409487009048462,1,0.8686501126769689,0,1,0.07425880432128906,927.1110229492188,40.49691390991211,972.0299072265625
risid_20101031080655_001584_1_0.png,2,0.392806738615036,0,0.0,-1,1,475.52008056640625,0.0,515.2344970703125,25.217243194580078
risid_20101031080655_001596_1_0.png,1,0.8269670009613037,1,0.9772384836055739,0,1,0.0,715.138671875,47.78932189941406,758.8552856445312
risid_20101031080847_001194_6_0.png,1,0.880142092704773,1,0.8599057902113667,0,1,554.02880859375,502.158935546875,600.8532104492188,548.988525390625
risid_20101031080847_001206_1_0.png,1,0.9147524237632751,1,0.8038091454183319,0,1,724.0062255859375,666.6677856445312,767.0801391601562,739.7452392578125
risid_20101031080847_001230_1_0.png,1,0.9231072664260864,1,0.8918467769244509,0,1,673.2728881835938,121.87093353271484,718.039794921875,197.247314453125
risid_20101031093251_001122_1_0.png,1,0.8176562190055847,1,0.8853290191130071,0,1,398.508056640625,838.43212890625,427.5274353027344,928.4017333984375
risid_20101031093251_001134_1_0.png,1,0.8587527871131897,1,0.9379906375442378,0,1,540.0711669921875,550.740478515625,577.5314331054688,641.9247436523438
risid_20101031093627_000714_6_0.png,1,0.9408178925514221,1,0.8495159710148558,0,1,220.5118865966797,35.922813415527344,339.675048828125,214.18319702148438
risid_20101031112838_001038_3_0.png,1,0.9413266777992249,1,0.9800116214645326,0,1,590.0259399414062,380.02362060546875,673.5040893554688,483.8026428222656
risid_20101031112838_001812_6_0.png,1,0.9052912592887878,1,0.8787104551120516,0,1,809.0457763671875,161.15316772460938,884.7361450195312,255.20278930664062
risid_20101031113108_000642_3_0.png,1,0.947319507598877,1,0.9779919479340495,0,1,200.9864044189453,465.39849853515625,295.21722412109375,584.2503662109375
risid_20101031122249_000372_1_0.png,1,0.918586790561676,1,0.9634549711246048,0,1,725.2728271484375,951.1754760742188,823.7561645507812,1020.9078979492188
risid_20101031122249_000378_1_0.png,1,0.946105420589447,1,0.9582217113558124,0,1,555.6514892578125,862.3218994140625,653.5836181640625,934.5026245117188
risid_20101031122249_000390_1_0.png,1,0.7581420540809631,1,0.9161166176390888,0,1,530.6622314453125,680.0228881835938,628.9664306640625,737.7452392578125
risid_20101031122249_000516_1_0.png,1,0.8392085433006287,1,0.864446662803754,0,1,141.00668334960938,134.95773315429688,191.35140991210938,192.18142700195312
risid_20101031130442_001650_2_0.png,1,0.9236342906951904,1,0.8863967685146888,0,1,333.9449157714844,920.6129760742188,398.12908935546875,958.4299926757812
risid_20101101153122_000276_3_0.png,1,0.9120385646820068,1,0.9446464941379061,0,1,912.0623779296875,762.1046752929688,975.8562622070312,835.8684692382812
risid_20101101153122_000300_3_0.png,1,0.91575688123703,1,0.9048815386799312,0,1,768.9033813476562,225.37222290039062,828.6756591796875,292.1783447265625
risid_20101101153122_001266_1_0.png,1,0.8032853603363037,1,0.8845294733265094,0,1,579.9761352539062,804.3846435546875,614.2203979492188,885.7311401367188
risid_20101101153122_001656_2_0.png,1,0.9029584527015686,1,0.9506626856246172,0,1,976.8386840820312,428.8326721191406,1024.0,495.9232482910156
risid_20101101153122_001680_2_0.png,1,0.9086772799491882,1,0.927418217176276,0,1,894.2584228515625,0.0,969.8829345703125,51.627967834472656
risid_20101101161919_000492_6_0.png,1,0.8717339038848877,1,0.8825071362810127,0,1,863.18603515625,397.19268798828125,890.1940307617188,444.2705078125
risid_20101101161919_000504_6_0.png,1,0.8149183392524719,1,0.9380666543816572,0,1,390.29937744140625,88.08306884765625,417.26446533203125,132.8260498046875
risid_20101101161919_000558_1_0.png,1,0.8871555924415588,1,0.8918944859034681,0,1,637.51416015625,644.8092651367188,693.1474609375,700.7081298828125
risid_20101101161919_000570_1_0.png,1,0.884748637676239,1,0.9264367882863787,0,1,624.62255859375,366.8703918457031,680.6599731445312,423.5250549316406
risid_20101101161919_000576_1_0.png,1,0.356336385011673,1,0.9027483601982988,0,1,617.2162475585938,282.8555603027344,676.3436279296875,342.6568603515625
risid_20101101162319_000378_1_0.png,1,0.8996157050132751,1,0.9499948299987677,0,1,580.547607421875,783.3585205078125,642.9404907226562,856.6875
risid_20101101162319_000408_1_0.png,1,0.5593271851539612,1,0.9406904761345202,0,1,443.4205017089844,153.1197052001953,504.7406311035156,223.55355834960938
risid_20101101162319_000408_1_1.png,1,0.653989851474762,1,0.9298378016644632,0,1,0.0,590.59814453125,42.57133102416992,634.1004028320312
risid_20101101162319_000420_1_0.png,1,0.5977165699005127,1,0.9140602751043951,0,2,0.0,287.4383239746094,45.066009521484375,334.4360656738281
risid_20101101162319_000420_1_0.png,2,0.25200340151786804,1,0.9281416891742968,1,2,280.8028259277344,823.5079956054688,342.57647705078125,907.6021728515625
risid_20101101162319_000600_6_0.png,1,0.44611474871635437,1,0.9416123053876304,0,1,601.1876220703125,370.37408447265625,663.5809326171875,449.737548828125
risid_20101101162319_000612_6_0.png,1,0.3373056948184967,1,0.9289425423430344,0,1,599.2620849609375,140.6016387939453,660.4171142578125,219.8551483154297
risid_20101101162319_000756_2_0.png,1,0.9530207514762878,1,0.9790678493559345,0,1,535.23828125,697.4393920898438,645.5167236328125,808.369140625
risid_20101101162319_001338_1_0.png,1,0.6204487085342407,1,0.89309163826087,0,1,162.1554718017578,660.8516235351562,211.77584838867188,747.810302734375
risid_20101101162319_001344_1_0.png,1,0.6631187200546265,1,0.9332759433042507,0,1,524.1046142578125,567.6243286132812,571.2879028320312,650.7335205078125
risid_20101101162440_000834_1_0.png,1,0.3101189136505127,1,0.9530788812870006,0,1,823.3054809570312,81.19561767578125,931.02978515625,134.18968200683594
risid_20101101162440_000924_1_0.png,1,0.9389265179634094,1,0.9465051068721231,0,1,470.40765380859375,0.09750823676586151,527.4031982421875,71.39234924316406
risid_20101101162440_001020_1_0.png,1,0.6196762323379517,1,0.9042991715889575,0,1,811.0188598632812,629.857177734375,913.5056762695312,680.1671752929688
risid_20101101162440_001020_1_0.png,2,0.4074537456035614,0,0.0,-1,1,811.0001220703125,629.4368896484375,910.328125,679.0396728515625
risid_20101101162440_001752_1_0.png,1,0.9462827444076538,1,0.8997322094266896,0,1,835.6007690429688,690.5186767578125,936.7447509765625,770.62255859375
risid_20101101162602_001314_1_0.png,1,0.9517203569412231,1,0.9289333034325266,1,2,723.0960693359375,343.40423583984375,805.81005859375,430.509765625
risid_20101101162602_001494_3_0.png,1,0.8859782814979553,1,0.9536822405826538,0,2,147.1834716796875,479.98583984375,251.7097625732422,589.984619140625
risid_20101101165250_001248_1_0.png,1,0.9110147953033447,1,0.9403575746797429,0,1,475.39501953125,364.11480712890625,521.2598876953125,485.1449279785156
risid_20101101165512_000234_1_0.png,1,0.9445545673370361,1,0.9633514647738901,0,1,593.5341186523438,443.32568359375,668.9490966796875,543.6519775390625
risid_20101101165626_000312_6_0.png,1,0.8185114860534668,1,0.9299620120615247,0,1,163.17929077148438,974.0007934570312,218.77261352539062,1024.0
risid_20101101165626_000330_6_0.png,1,0.894243061542511,1,0.9189459043719651,0,1,522.2169189453125,513.4114990234375,578.937744140625,588.3238525390625
risid_20101101165626_000390_2_0.png,1,0.9101263284683228,1,0.7378084240206307,0,1,941.6681518554688,301.31927490234375,1019.8995361328125,384.895263671875
risid_20101101165626_000420_1_0.png,1,0.9415073990821838,1,0.9067808652678588,0,1,913.3076171875,859.2781372070312,1002.5343627929688,931.06103515625
risid_20101101165737_001260_1_0.png,1,0.9142841100692749,1,0.9453489550692123,0,1,332.7579040527344,475.2085876464844,424.9043884277344,540.7481079101562
risid_20101101165737_001278_1_0.png,1,0.729047954082489,1,0.9061261905107766,0,1,43.306549072265625,130.7987823486328,141.15347290039062,182.94232177734375
risid_20101101165737_001584_6_0.png,1,0.9576646685600281,1,0.9376034743423903,0,1,122.6039810180664,73.05830383300781,241.60653686523438,194.310302734375
risid_20101101165737_001614_3_0.png,1,0.9509521126747131,1,0.8468887944710799,0,1,493.07244873046875,606.8250732421875,566.0341796875,694.9410400390625
risid_20101102160723_001392_1_0.png,1,0.9349668025970459,1,0.9284611896910564,0,1,331.9169006347656,55.118385314941406,473.92822265625,157.06240844726562
risid_20221007120144.flv20221007120144_000700_6_0.png,1,0.2736209034919739,1,0.7223338357688696,0,1,721.7615966796875,971.77001953125,737.9707641601562,986.2745361328125
risid_20221007120144.flv20221007120144_000750_6_0.png,1,0.6553698778152466,1,0.8095878995400227,0,1,590.1282958984375,151.47299194335938,608.2799072265625,168.72573852539062
risid_20221007120144.flv20221007120144_000760_6_0.png,1,0.6367810368537903,1,0.8293296318618194,0,1,530.5341796875,7.785418510437012,546.7612915039062,22.77638816833496
risid_20221007122108_c.flv20221007122108_c_000130_3_0.png,1,0.5757738947868347,1,0.6520170341588328,0,1,199.59132385253906,923.7565307617188,215.86038208007812,942.6721801757812
risid_20221007122108_c.flv20221007122108_c_000265_6_0.png,1,0.7073029279708862,1,0.6730599549243681,0,1,701.0783081054688,382.45599365234375,712.4937133789062,399.94970703125
risid_20221007122108_c.flv20221007122108_c_000285_6_0.png,1,0.7615940570831299,1,0.7724733169967691,0,1,533.1470336914062,214.1587371826172,546.4380493164062,231.25814819335938
risid_20221007122108_c.flv20221007122108_c_002595_6_0.png,1,0.8483811616897583,1,0.9333586335574325,0,1,571.4700927734375,954.5654296875,590.2889404296875,977.9176635742188
risid_20221007122108_c.flv20221007122108_c_002600_6_0.png,1,0.8347551226615906,1,0.8800542444390862,0,1,573.4000854492188,926.013671875,592.4451904296875,951.2273559570312
risid_20221007122108_c.flv20221007122108_c_002615_6_0.png,1,0.8625441193580627,1,0.8575547362792271,0,1,576.4075317382812,835.8990478515625,597.9306030273438,864.9046630859375
risid_20221007122650_c.flv20221007122650_c_001355_6_0.png,1,0.5369799733161926,1,0.7985478126522945,0,1,694.7544555664062,522.9727172851562,712.8870239257812,554.7928466796875
risid_20221007122650_c.flv20221007122650_c_001355_6_0.png,2,0.43043482303619385,0,0.0,-1,1,694.4654541015625,522.9282836914062,711.9464721679688,554.4006958007812
risid_20221007122650_c.flv20221007122650_c_001360_6_0.png,1,0.6885238289833069,1,0.8414328892966952,0,1,573.7871704101562,464.32147216796875,595.8250732421875,492.5595703125
risid_20221007122650_c.flv20221007122650_c_001370_6_0.png,1,0.4558291733264923,1,0.9080898034864857,0,1,389.30487060546875,293.1219177246094,414.2740783691406,322.0299377441406
risid_20221007122650_c.flv20221007122650_c_001370_6_0.png,2,0.37570449709892273,0,0.0,-1,1,389.4456787109375,293.840087890625,413.79669189453125,322.5592041015625
risid_20221007122650_c.flv20221007122650_c_003035_1_0.png,1,0.5975202918052673,1,0.8124354094426774,0,1,772.0045776367188,711.8907470703125,790.9915161132812,756.2299194335938
risid_20221007122650_c.flv20221007122650_c_003080_1_0.png,1,0.8551574349403381,1,0.7725081552085448,0,1,329.5994567871094,188.19381713867188,353.6764221191406,221.5227508544922
risid_20221007123133_b.flv20221007123133_b_000530_6_0.png,1,0.8325688242912292,1,0.8793512200297305,0,1,702.870849609375,561.0560302734375,716.0440673828125,580.5013427734375
risid_20221007123133_b.flv20221007123133_b_000540_6_0.png,1,0.8159703612327576,1,0.8903458796160725,0,1,723.8486328125,277.60894775390625,739.3790283203125,298.539794921875
risid_20221007123144.flv20221007123144_000150_6_0.png,1,0.6697585582733154,1,0.6493238563654372,0,1,170.74887084960938,232.12167358398438,183.6645965576172,244.1033477783203
risid_20221007123228_c.flv20221007123228_c_001260_6_0.png,1,0.8560807108879089,1,0.8834017374118786,0,1,585.9239501953125,745.9359130859375,620.461181640625,774.4635009765625
risid_20221007123228_c.flv20221007123228_c_001270_6_0.png,1,0.8308106660842896,1,0.858962468740423,0,1,518.8372802734375,617.7972412109375,552.768798828125,646.3411254882812
risid_20221007123228_c.flv20221007123228_c_001305_6_0.png,1,0.3480689823627472,1,0.7517160272082261,0,1,881.6810302734375,233.5149383544922,912.4251098632812,271.86248779296875
risid_20221007123228_c.flv20221007123228_c_001305_6_0.png,2,0.2949637770652771,0,0.0,-1,1,879.7232666015625,233.17459106445312,911.7686767578125,271.76031494140625
risid_20221007123228_c.flv20221007123228_c_002595_4_0.png,1,0.8329870700836182,1,0.872077111624849,1,2,643.6431884765625,608.5118408203125,678.2528686523438,630.8734130859375
risid_20221007123228_c.flv20221007123228_c_002595_4_0.png,2,0.34893447160720825,1,0.6840365289278468,0,2,613.6182250976562,813.6822509765625,632.8989868164062,826.4563598632812
risid_20221007123228_c.flv20221007123228_c_002640_4_0.png,1,0.8760043382644653,1,0.8434961448206932,1,2,746.1329345703125,345.8166809082031,784.0308837890625,362.9771728515625
risid_20221007123228_c.flv20221007123228_c_002640_4_0.png,2,0.5096120834350586,1,0.9146643084232855,0,2,644.0863037109375,331.56390380859375,664.3829956054688,359.3250732421875
risid_20221007123228_c.flv20221007123228_c_002640_4_0.png,3,0.40270841121673584,0,0.0,-1,2,644.4912719726562,332.36260986328125,664.1828002929688,359.40283203125
risid_20221007123228_c.flv20221007123228_c_002650_4_0.png,1,0.9045006632804871,1,0.8705810550675699,1,2,323.0687255859375,274.21148681640625,358.90289306640625,293.2031555175781
risid_20221007123228_c.flv20221007123228_c_002650_4_0.png,2,0.7846290469169617,1,0.7663604881213374,0,2,211.2582550048828,210.8386993408203,231.0416717529297,232.6347198486328
risid_20221007123457_b.flv20221007123457_b_000250_6_0.png,1,0.8734546899795532,1,0.8991913829841088,0,1,571.5570678710938,523.0123291015625,593.679443359375,548.6170043945312
risid_20221007123806_c.flv20221007123806_c_002395_6_0.png,1,0.6339707970619202,1,0.8592456544706527,0,1,451.8533630371094,141.03407287597656,489.6133728027344,159.95884704589844
risid_20221007123806_c.flv20221007123806_c_002615_1_0.png,1,0.8188877105712891,1,0.9210714384565608,0,1,562.681396484375,681.7020874023438,585.3304443359375,720.601318359375
risid_20221007123806_c.flv20221007123806_c_002615_1_0.png,2,0.28296515345573425,0,0.0,-1,1,632.93212890625,917.7726440429688,643.6078491210938,928.3572998046875
risid_20221007123806_c.flv20221007123806_c_002640_1_0.png,1,0.8223565220832825,1,0.833426944108818,0,1,445.5201721191406,373.1875305175781,472.54071044921875,409.61016845703125
risid_20221007123806_c.flv20221007123806_c_002640_1_0.png,2,0.43559592962265015,0,0.0,-1,1,515.1111450195312,649.7022705078125,524.5357666015625,660.681396484375
risid_20221007124037_c.flv20221007124037_c_001815_1_0.png,1,0.9237237572669983,1,0.7293522427133422,0,1,599.4846801757812,404.3861083984375,641.2049560546875,450.6396484375
risid_20221007124344_d.flv20221007124344_d_000740_6_0.png,1,0.6388412714004517,1,0.8636583322014726,0,1,722.7349243164062,303.4229736328125,737.4730834960938,316.0246276855469
risid_20221007124344_d.flv20221007124344_d_000745_6_0.png,1,0.8318732380867004,1,0.7130424769517407,0,1,630.5838623046875,219.4814453125,644.2754516601562,230.53646850585938
risid_20221007124344_d.flv20221007124344_d_000975_6_0.png,1,0.8373321890830994,1,0.8668061174055635,0,1,267.6023864746094,904.3367309570312,287.18328857421875,925.3370361328125
risid_20221007124344_d.flv20221007124344_d_001015_6_0.png,1,0.8724185824394226,1,0.9765035693224883,1,2,298.32830810546875,435.0030822753906,319.16607666015625,458.62884521484375
risid_20221007124344_d.flv20221007124344_d_001015_6_0.png,2,0.7677810788154602,1,0.8753858533786238,0,2,169.95742797851562,169.09213256835938,191.88328552246094,187.44418334960938
risid_20221007124344_d.flv20221007124344_d_001015_6_0.png,3,0.5483226776123047,0,0.0,-1,2,170.1382598876953,169.5807647705078,191.44839477539062,187.73886108398438
risid_20221007124344_d.flv20221007124344_d_001245_4_0.png,1,0.8045048117637634,1,0.8679559738187418,0,1,492.30596923828125,139.51536560058594,534.775390625,170.28851318359375
risid_20221007124344_d.flv20221007124344_d_001495_5_0.png,1,0.8066650032997131,1,0.5436219229462953,0,1,737.1629638671875,953.2261962890625,769.0233154296875,970.4122924804688
risid_20221007124344_d.flv20221007124344_d_001505_5_0.png,1,0.6242045760154724,1,0.919563782126996,0,1,581.8536376953125,711.2003173828125,613.6155395507812,750.6441650390625
risid_20221007124344_d.flv20221007124344_d_001505_5_0.png,2,0.2522397041320801,0,0.0,-1,1,583.1885986328125,711.8302001953125,614.1033325195312,751.2022705078125
risid_20221007124344_d.flv20221007124344_d_001530_5_0.png,1,0.7090150713920593,1,0.7119855054726186,0,1,623.5645751953125,159.06996154785156,637.675537109375,195.13540649414062
risid_20221007124344_d.flv20221007124344_d_002020_5_0.png,1,0.5465925931930542,1,0.8321921314070414,0,1,291.1336975097656,635.8651123046875,322.8000793457031,670.13525390625
risid_20221007124344_d.flv20221007124344_d_002035_5_0.png,1,0.9246517419815063,1,0.8341236651542367,0,1,17.130359649658203,260.30517578125,45.338287353515625,295.4976806640625
risid_20221007124344_d.flv20221007124344_d_002050_5_0.png,1,0.7723608613014221,1,0.854392538094249,0,1,499.3763732910156,0.14528998732566833,534.2369995117188,15.531718254089355
risid_20221007124344_d.flv20221007124344_d_002275_6_0.png,1,0.6664161682128906,0,0.4464952197388352,-1,2,867.3004150390625,815.1695556640625,882.9334106445312,832.6690673828125
risid_20221007124344_d.flv20221007124344_d_002275_6_0.png,2,0.5296533107757568,1,0.8869226398159775,0,2,854.7442626953125,290.88043212890625,864.83349609375,304.99505615234375
risid_20221007124344_d.flv20221007124344_d_002290_6_0.png,1,0.6635765433311462,1,0.8202647628908977,1,2,411.90631103515625,442.5059509277344,431.2607421875,467.36053466796875
risid_20221007124344_d.flv20221007124344_d_002305_6_0.png,1,0.8246996998786926,1,0.8007791508021112,0,1,236.2302703857422,100.126220703125,255.8700408935547,120.07295989990234
risid_20221007124344_d.flv20221007124344_d_002425_6_0.png,1,0.7089565396308899,1,0.8984382190223473,0,1,136.33895874023438,416.54156494140625,148.59164428710938,438.9146423339844
risid_20221007124344_d.flv20221007124344_d_002575_4_0.png,1,0.9200030565261841,1,0.9092750900513387,0,1,708.4750366210938,800.198974609375,759.97509765625,852.3073120117188
risid_20221007124344_d.flv20221007124344_d_002580_4_0.png,1,0.3244246244430542,0,0.0,-1,1,264.5745544433594,826.0164184570312,278.1226806640625,859.1552734375
risid_20221007124344_d.flv20221007124344_d_002580_4_0.png,2,0.26726868748664856,1,0.8630434754668997,0,1,321.2093811035156,698.1580810546875,376.3133239746094,755.36669921875
risid_20221007124344_d.flv20221007124344_d_002745_6_0.png,1,0.7261890769004822,1,0.7589687471108824,1,2,651.9120483398438,851.7645263671875,662.369873046875,865.2545166015625
risid_20221007124344_d.flv20221007124344_d_002745_6_0.png,2,0.6573458909988403,1,0.6898429810662451,0,2,747.5670776367188,760.9469604492188,774.5429077148438,768.51171875
risid_20221007124344_d.flv20221007124344_d_002765_6_0.png,1,0.7740730047225952,1,0.9228877329609707,0,2,537.4494018554688,304.24041748046875,560.1820068359375,317.5750732421875
risid_20221007124344_d.flv20221007124344_d_002765_6_0.png,2,0.7163922190666199,1,0.8460168798057278,1,2,437.9159240722656,396.4902038574219,451.02581787109375,411.86328125
risid_20221007124344_d.flv20221007124344_d_002960_5_0.png,1,0.5630414485931396,1,0.7575817628481472,0,1,793.6818237304688,413.54364013671875,816.7456665039062,439.4867248535156
risid_20221007124344_d.flv20221007124344_d_002960_5_0.png,2,0.3837743103504181,0,0.0,-1,1,794.724365234375,413.46728515625,817.2412109375,439.3408203125
risid_20221007124615_c.flv20221007124615_c_002980_4_0.png,1,0.6662071943283081,0,0.32219174203559897,-1,1,153.3026885986328,394.08984375,172.6185760498047,420.4171447753906
risid_20221007124922_d.flv20221007124922_d_001010_5_0.png,1,0.33795374631881714,1,0.6188711554130556,0,1,471.6964416503906,1016.5975341796875,491.326904296875,1023.8997802734375
risid_20221007124922_d.flv20221007124922_d_001095_6_0.png,1,0.8445318341255188,1,0.9588143405328583,0,1,106.6690902709961,872.2449340820312,126.93643951416016,892.3640747070312
risid_20221007124922_d.flv20221007124922_d_001100_6_0.png,1,0.8431631326675415,1,0.7862235869409431,0,1,900.2482299804688,807.7313232421875,920.6008911132812,830.08349609375
risid_20221007124922_d.flv20221007124922_d_001130_6_0.png,1,0.8732205629348755,1,0.9231450704778836,0,1,281.88818359375,50.121429443359375,298.4714050292969,69.14799499511719
risid_20221007124922_d.flv20221007124922_d_001465_6_0.png,1,0.8836765289306641,0,0.0,-1,1,45.2652587890625,982.9102783203125,71.19459533691406,1007.5125732421875
risid_20221007124922_d.flv20221007124922_d_001465_6_0.png,2,0.40988460183143616,1,0.5886625405768594,0,1,487.7960510253906,70.60773468017578,500.61358642578125,86.98481750488281
risid_20221007124922_d.flv20221007124922_d_002820_6_0.png,1,0.6562033295631409,1,0.6672744923716948,0,1,544.540283203125,167.81568908691406,555.1578369140625,179.91293334960938
risid_20221007125049_b.flv20221007125049_b_002950_5_0.png,1,0.8612956404685974,1,0.8199049232657878,0,1,562.7015380859375,780.4354248046875,598.4813232421875,800.017822265625
risid_20221007125049_b.flv20221007125049_b_002960_5_1.png,1,0.7921764850616455,1,0.7159031676960012,0,1,554.0823974609375,297.35595703125,588.3112182617188,333.51922607421875
risid_20221007125049_b.flv20221007125049_b_002965_5_0.png,1,0.5064868927001953,0,0.3798527794771706,-1,1,541.021728515625,123.63706970214844,571.3352661132812,156.93270874023438
risid_20221007125153_d.flv20221007125153_d_001340_6_0.png,1,0.8142460584640503,1,0.8389277043920684,0,1,959.296875,814.6207275390625,973.5291748046875,851.5348510742188
risid_20221007125153_d.flv20221007125153_d_001350_6_0.png,1,0.8270395994186401,1,0.9255501434359753,0,1,954.0238037109375,395.4001159667969,988.4163208007812,419.26629638671875
risid_20221007125153_d.flv20221007125153_d_001470_1_0.png,1,0.7444896101951599,1,0.8160847925399158,0,1,277.8782043457031,421.7442932128906,308.9784240722656,438.1138610839844
risid_20221007125153_d.flv20221007125153_d_002085_6_0.png,1,0.8123294711112976,1,0.8404550520631348,0,1,750.6925048828125,55.44142532348633,768.9675903320312,85.54798889160156
risid_20221007125153_d.flv20221007125153_d_002555_6_0.png,1,0.8604227304458618,1,0.8297156656779204,0,1,580.4933471679688,714.3497314453125,599.12841796875,734.1427001953125
risid_20221007125439.flv20221007125439_000775_6_0.png,1,0.6386993527412415,1,0.734532175512401,0,1,580.6152954101562,414.49884033203125,591.985595703125,437.99700927734375
risid_20221007125439.flv20221007125439_002275_6_0.png,1,0.7969090342521667,1,0.7529245414329788,0,1,792.781005859375,313.21905517578125,815.2054443359375,344.9171142578125
risid_20221007125439.flv20221007125439_002280_6_0.png,1,0.4794658422470093,1,0.8013680929820097,0,1,654.0926513671875,0.03390350192785263,673.7069702148438,9.064247131347656
risid_20221007125439.flv20221007125439_002785_6_0.png,1,0.6760343313217163,1,0.7315502244611164,0,1,802.3841552734375,446.85223388671875,810.598876953125,468.59307861328125
risid_20221007125439.flv20221007125439_002785_6_0.png,2,0.2650245130062103,0,0.0,-1,1,804.4105224609375,446.89996337890625,812.0090942382812,468.5682678222656
risid_20221007125439.flv20221007125439_002970_6_0.png,1,0.7150083780288696,1,0.8557280999237803,0,1,187.52862548828125,193.0738983154297,218.78695678710938,217.68142700195312
risid_20221007125500_d.flv20221007125500_d_000795_6_0.png,1,0.7871319055557251,0,0.4881856168328038,-1,2,835.9649658203125,821.1849365234375,858.5230712890625,851.2868041992188
risid_20221007125500_d.flv20221007125500_d_000795_6_0.png,2,0.5016461610794067,1,0.7837980623941186,0,2,692.5901489257812,841.6832275390625,723.0950317382812,857.1129150390625
risid_20221007125500_d.flv20221007125500_d_001195_6_0.png,1,0.7897489070892334,1,0.8284738437831618,0,1,899.0303955078125,848.9459228515625,907.61328125,874.0505981445312
risid_20221007125500_d.flv20221007125500_d_001225_6_0.png,1,0.8284366726875305,1,0.7726737341484616,0,1,604.0119018554688,125.61940002441406,611.5806274414062,146.54786682128906
risid_20221007125500_d.flv20221007125500_d_001225_6_0.png,2,0.34717100858688354,0,0.0,-1,1,516.3780517578125,431.876220703125,527.2156982421875,460.63128662109375
risid_20221007125500_d.flv20221007125500_d_002225_5_0.png,1,0.8756477236747742,1,0.8554389439796848,0,2,431.78900146484375,318.40350341796875,457.0853576660156,345.1495361328125
risid_20221007125500_d.flv20221007125500_d_002245_6_0.png,1,0.6993614435195923,1,0.674272886048701,0,2,431.873046875,687.995849609375,441.3778381347656,702.5004272460938
risid_20221007125500_d.flv20221007125500_d_002245_6_0.png,2,0.6835105419158936,1,0.8008850006694972,1,2,417.87469482421875,259.250244140625,434.35064697265625,291.87847900390625
risid_20221007125500_d.flv20221007125500_d_002250_6_0.png,1,0.615581214427948,1,0.8817809879445769,1,2,980.0134887695312,172.72276306152344,995.154296875,202.31600952148438
risid_20221007125500_d.flv20221007125500_d_002250_6_0.png,2,0.3878580629825592,1,0.7469176910904491,0,2,997.0926513671875,603.9749145507812,1006.296875,618.8507080078125
risid_20221007125500_d.flv20221007125500_d_002270_6_0.png,1,0.38199663162231445,1,0.7245758999286875,0,1,715.9494018554688,84.34822082519531,723.3064575195312,93.15847778320312
risid_20221007125500_d.flv20221007125500_d_002270_6_0.png,2,0.3066609501838684,0,0.0,-1,1,716.393798828125,83.5632553100586,723.6614990234375,92.87690734863281
risid_20221007125500_d.flv20221007125500_d_002830_6_0.png,1,0.6083828806877136,1,0.8561619107974453,0,1,588.8286743164062,876.6929931640625,606.95166015625,900.2344970703125
risid_20221007125500_d.flv20221007125500_d_002865_6_0.png,1,0.6473929286003113,1,0.8489363710531094,0,1,141.56478881835938,194.15798950195312,161.08926391601562,215.9858856201172
risid_20221007125500_d.flv20221007125500_d_002865_6_0.png,2,0.2518858313560486,0,0.0,-1,1,142.20909118652344,193.80747985839844,160.7762451171875,215.45034790039062
risid_20221007125500_d.flv20221007125500_d_002975_6_0.png,1,0.4131515622138977,1,0.7405992635433547,0,1,282.23712158203125,826.796875,291.99755859375,840.5950927734375
risid_20221007125500_d.flv20221007125500_d_003000_6_0.png,1,0.78179931640625,1,0.9151775466224785,0,1,413.594482421875,279.11431884765625,424.4242248535156,291.1572265625
risid_20221007125500_d.flv20221007125500_d_003040_6_0.png,1,0.8448141813278198,1,0.8091717574088263,0,1,555.1541137695312,827.3453369140625,574.3160400390625,850.8504638671875
risid_20221007125500_d.flv20221007125500_d_003045_6_0.png,1,0.7987143993377686,1,0.8861463409407384,0,1,350.57635498046875,711.93798828125,368.3027038574219,737.2994384765625
risid_20221007125500_d.flv20221007125500_d_003065_6_0.png,1,0.7244579792022705,1,0.9541999706987483,0,1,410.60430908203125,221.0303497314453,426.8487854003906,245.42495727539062
risid_20221007125634_c.flv20221007125634_c_000330_5_0.png,1,0.821083664894104,1,0.8976189685015661,0,1,484.35675048828125,477.3856506347656,512.6121826171875,517.6263427734375
risid_20221007125634_c.flv20221007125634_c_001585_1_0.png,1,0.7987987995147705,1,0.7378640093533089,0,1,790.3472900390625,158.20584106445312,813.3079223632812,180.0272216796875
risid_20221007125731_d.flv20221007125731_d_000005_6_0.png,1,0.7807333469390869,1,0.8370301887661576,0,1,556.8037719726562,113.7005386352539,574.60791015625,135.14060974121094
risid_20221007125731_d.flv20221007125731_d_000185_3_0.png,1,0.43490177392959595,1,0.9202115344445199,0,1,479.84661865234375,970.0501708984375,500.39447021484375,982.6619262695312
risid_20221007125731_d.flv20221007125731_d_000205_3_0.png,1,0.611616849899292,1,0.7212027261501485,0,1,187.65460205078125,14.435644149780273,206.34396362304688,33.777915954589844
risid_20221007125731_d.flv20221007125731_d_000300_6_0.png,1,0.8604192137718201,1,0.9282206664456377,0,2,136.08859252929688,523.605224609375,156.80288696289062,542.9888916015625
risid_20221007125731_d.flv20221007125731_d_000465_6_0.png,1,0.7250997424125671,1,0.7769715969335138,0,1,223.64895629882812,664.6166381835938,235.8375701904297,675.84423828125
risid_20221007125731_d.flv20221007125731_d_000470_6_0.png,1,0.7774115204811096,1,0.7278169486921563,1,2,276.658447265625,517.1070556640625,293.7163391113281,545.93896484375
risid_20221007125731_d.flv20221007125731_d_000470_6_0.png,2,0.34706270694732666,1,0.7667030528654147,0,2,536.3692626953125,433.9976501464844,548.7495727539062,448.3807067871094
risid_20221007125731_d.flv20221007125731_d_000860_1_0.png,1,0.897189199924469,1,0.8643091477922842,0,1,782.7347412109375,534.5218505859375,818.185791015625,560.7410888671875
risid_20221007125731_d.flv20221007125731_d_000895_4_0.png,1,0.5392443537712097,1,0.937685280123431,0,1,872.6060791015625,814.8077392578125,902.990234375,856.1102294921875
risid_20221007125731_d.flv20221007125731_d_000895_4_0.png,2,0.3806361258029938,0,0.0,-1,1,872.4932861328125,815.2019653320312,903.0895385742188,855.6307373046875
risid_20221007125731_d.flv20221007125731_d_000905_4_0.png,1,0.9194843173027039,1,0.8924236544893969,0,1,462.5227966308594,223.5100860595703,499.13824462890625,262.229248046875
risid_20221007125731_d.flv20221007125731_d_003205_6_0.png,1,0.393405020236969,1,0.6809869869027765,0,1,191.05142211914062,286.8044738769531,199.07888793945312,307.563232421875
risid_20221007130020.flv20221007130020_003315_2_0.png,1,0.8166252374649048,1,0.8787507582147672,0,1,843.0628051757812,665.8687133789062,867.6242065429688,693.7758178710938
risid_20221007130038_c.flv20221007130038_c_000485_6_0.png,1,0.7765087485313416,1,0.7294561477210599,0,1,540.656005859375,236.3556365966797,554.4987182617188,264.80609130859375
risid_20221007130038_c.flv20221007130038_c_000490_6_0.png,1,0.8046689629554749,1,0.8402736043820156,0,1,536.7822265625,183.22683715820312,554.40478515625,209.71719360351562
risid_20221007130038_c.flv20221007130038_c_000765_3_0.png,1,0.8585245609283447,1,0.8309397096246416,0,1,496.795166015625,447.7937927246094,512.9729614257812,467.58648681640625
risid_20221007130209_a.flv20221007130209_a_000085_5_0.png,1,0.8760948181152344,1,0.5405390091460306,1,2,739.8042602539062,402.44378662109375,766.5115966796875,431.9363708496094
risid_20221007130209_a.flv20221007130209_a_000085_5_0.png,2,0.694570779800415,1,0.760662664976772,0,2,472.2523498535156,663.2039794921875,491.47161865234375,675.6142578125
risid_20221007130209_a.flv20221007130209_a_000410_5_0.png,1,0.8690720796585083,1,0.750864917631375,0,1,376.0754089355469,81.2859878540039,404.04254150390625,111.88960266113281
risid_20221007130209_a.flv20221007130209_a_002965_4_0.png,1,0.8664533495903015,1,0.8359690987376259,0,1,307.6549377441406,909.8107299804688,340.29522705078125,958.7131958007812
risid_20221007130309_d.flv20221007130309_d_000225_6_0.png,1,0.7920238375663757,1,0.7601791892497369,0,1,782.6666870117188,455.3914489746094,796.2281494140625,470.9515686035156
risid_20221007130309_d.flv20221007130309_d_000350_6_0.png,1,0.7751652598381042,1,0.8658719394371306,0,1,167.35342407226562,81.84447479248047,180.9153289794922,95.69200134277344
risid_20221007130309_d.flv20221007130309_d_001775_6_0.png,1,0.8605789542198181,1,0.7844798602766173,0,1,216.6409149169922,519.117431640625,237.5115203857422,544.6768798828125
risid_20221007130309_d.flv20221007130309_d_002800_6_0.png,1,0.7263856530189514,1,0.7211686068646878,0,1,460.14599609375,314.8936767578125,480.58270263671875,342.66668701171875
risid_20221007130559.flv20221007130559_000900_6_0.png,1,0.8920509219169617,1,0.8811014656381675,0,1,676.7469482421875,91.12086486816406,695.3619384765625,119.8272705078125
risid_20221007130559.flv20221007130559_002490_2_0.png,1,0.8067032694816589,1,0.836374524034727,0,1,455.1117248535156,33.734580993652344,484.0857849121094,45.733421325683594
risid_20221007130559.flv20221007130559_002705_1_0.png,1,0.8927531838417053,1,0.8559422209252372,0,1,536.8473510742188,921.1438598632812,586.1751708984375,949.1935424804688
risid_20221007130559.flv20221007130559_002710_1_0.png,1,0.7982784509658813,1,0.8654062203325967,0,1,257.66143798828125,465.03466796875,304.09527587890625,488.861328125
risid_20221007130616_d.flv20221007130616_d_000405_6_0.png,1,0.8803952932357788,1,0.9028342512684199,0,1,237.27462768554688,771.2760009765625,254.8857879638672,800.2896728515625
risid_20221007130616_d.flv20221007130616_d_000425_6_0.png,1,0.8684518337249756,1,0.8201295319929556,0,2,948.4251708984375,257.5162353515625,970.4462890625,286.0538024902344
risid_20221007130616_d.flv20221007130616_d_000425_6_0.png,2,0.628840982913971,1,0.8367645425526753,1,2,867.4255981445312,559.417724609375,884.2839965820312,591.2095947265625
risid_20221007130616_d.flv20221007130616_d_000570_6_0.png,1,0.827454686164856,1,0.823363713749283,1,2,631.1654663085938,293.5445861816406,653.9920654296875,324.2188720703125
risid_20221007130616_d.flv20221007130616_d_000570_6_0.png,2,0.4676741659641266,1,0.8736573561368054,0,2,552.5357055664062,527.7498779296875,573.7032470703125,550.398681640625
risid_20221007130616_d.flv20221007130616_d_000580_6_0.png,1,0.850309431552887,1,0.8597483208272441,1,2,839.8427734375,72.22935485839844,859.5714721679688,93.22602844238281
risid_20221007130616_d.flv20221007130616_d_000580_6_0.png,2,0.8235092759132385,1,0.9269486185656427,0,2,722.0221557617188,243.64694213867188,745.8488159179688,257.87567138671875
risid_20221007130616_d.flv20221007130616_d_001170_5_0.png,1,0.8767315745353699,1,0.8413123209020196,0,1,316.2754211425781,811.7952270507812,341.45050048828125,834.3582763671875
risid_20221007130616_d.flv20221007130616_d_001290_2_0.png,1,0.5301878452301025,1,0.5708620501344487,0,1,556.6861572265625,1012.9111328125,576.2664184570312,1023.8323364257812
risid_20221007130616_d.flv20221007130616_d_001305_2_0.png,1,0.8182064890861511,1,0.9571929695339161,0,1,37.94568634033203,682.38525390625,60.3138427734375,716.2513427734375
risid_20221007130616_d.flv20221007130616_d_001315_2_0.png,1,0.5977804064750671,1,0.9184769785941569,0,1,309.19598388671875,428.089111328125,329.9066162109375,462.489013671875
risid_20221007130616_d.flv20221007130616_d_001620_6_0.png,1,0.8426485061645508,1,0.8742057466645691,0,1,554.5760498046875,346.03094482421875,568.546875,365.8978576660156
risid_20221007131154_d.flv20221007131154_d_000450_2_0.png,1,0.6020928621292114,1,0.7382647988313383,0,1,424.54534912109375,24.391094207763672,435.17047119140625,46.208988189697266
risid_20221007131154_d.flv20221007131154_d_000610_6_0.png,1,0.9018496870994568,1,0.8696933919929611,1,2,539.8018798828125,351.52154541015625,574.7308349609375,404.7460632324219
risid_20221007131154_d.flv20221007131154_d_000610_6_0.png,2,0.6537189483642578,1,0.6336813767394935,0,2,800.1976318359375,409.78631591796875,813.9815063476562,424.76434326171875
risid_20221007131154_d.flv20221007131154_d_000665_6_0.png,1,0.701458752155304,1,0.7477781149066848,0,1,518.8348999023438,902.97802734375,533.9282836914062,920.2316284179688
risid_20221007131154_d.flv20221007131154_d_000685_6_0.png,1,0.7254133820533752,1,0.7615807218284363,0,1,233.11019897460938,373.6639099121094,244.1072235107422,393.7088623046875
risid_20221007131154_d.flv20221007131154_d_000700_6_0.png,1,0.524103045463562,1,0.7957442023556713,0,1,320.1620178222656,36.79293441772461,333.8180236816406,53.643409729003906
risid_20221007131154_d.flv20221007131154_d_001350_6_0.png,1,0.28859075903892517,1,0.5232162112698173,0,1,485.2320861816406,718.0164794921875,509.7369079589844,740.7804565429688
risid_20221007131154_d.flv20221007131154_d_001355_6_0.png,1,0.660904586315155,0,0.409236982909179,-1,1,821.9588623046875,609.2178344726562,846.7853393554688,634.3856201171875
risid_20221007131154_d.flv20221007131154_d_001365_6_0.png,1,0.7989012002944946,1,0.7056208403144054,0,1,767.4388427734375,284.40447998046875,783.1781005859375,310.1618957519531
risid_20221007131154_d.flv20221007131154_d_001370_6_0.png,1,0.6162981986999512,1,0.8214679709355944,0,1,728.4602661132812,139.67587280273438,744.6907958984375,162.4756622314453
risid_20221007131154_d.flv20221007131154_d_002600_6_0.png,1,0.6712657809257507,1,0.87585378182912,0,1,437.9781188964844,915.2521362304688,458.1090393066406,938.025390625
risid_20221007131154_d.flv20221007131154_d_002610_6_0.png,1,0.8508076071739197,1,0.7879401335326248,0,1,336.78497314453125,709.0758056640625,358.21343994140625,734.776123046875
risid_20221007131154_d.flv20221007131154_d_003025_6_0.png,1,0.865118682384491,1,0.9374523742533883,0,1,432.588623046875,733.5173950195312,459.7681579589844,757.1694946289062
risid_20221007131426_d.flv20221007131426_d_002635_6_0.png,1,0.7754378914833069,1,0.8319190622494856,0,1,409.90985107421875,669.85107421875,423.609130859375,683.8922729492188
risid_20221007131715.flv20221007131715_001000_6_1.png,1,0.8262794017791748,1,0.8358412711923748,0,1,499.08984375,889.0636596679688,532.0355834960938,917.9736328125
risid_20221007131715.flv20221007131715_002780_6_0.png,1,0.4106317162513733,1,0.715902651086333,0,1,372.5770263671875,549.6221313476562,469.974609375,736.9830322265625
risid_20221007131715.flv20221007131715_002780_6_0.png,2,0.3018893897533417,0,0.0,-1,1,370.9296875,547.2492065429688,442.72308349609375,682.1456909179688
risid_20221007131715.flv20221007131715_002780_6_0.png,3,0.276945561170578,0,0.0,-1,1,372.62493896484375,545.9053955078125,463.33416748046875,699.8524780273438
risid_20221007131732_c.flv20221007131732_c_000070_1_0.png,1,0.7683302164077759,1,0.8556767229289206,0,1,648.2142333984375,997.9871826171875,687.1778564453125,1014.5618286132812
risid_20221007131732_c.flv20221007131732_c_000075_1_0.png,1,0.9111719727516174,1,0.7836006476771495,0,1,90.67032623291016,853.0467529296875,130.90841674804688,873.4539794921875
risid_20221007131732_c.flv20221007131732_c_000080_1_0.png,1,0.8893588781356812,1,0.9340978980094163,0,1,596.1314086914062,681.7367553710938,636.6759643554688,711.275390625
risid_20221007131732_c.flv20221007131732_c_000095_1_0.png,1,0.894507110118866,1,0.6090908756218615,0,1,532.4620361328125,215.48434448242188,568.409912109375,249.8491973876953
risid_20221007131732_c.flv20221007131732_c_000100_1_0.png,1,0.8850371837615967,1,0.8084037903744109,0,1,728.6099243164062,70.78670501708984,757.2520751953125,103.95404052734375
risid_20221007131732_c.flv20221007131732_c_000155_6_0.png,1,0.6180922389030457,1,0.8377984968704535,0,1,916.0255126953125,539.2263793945312,928.6453247070312,570.0408935546875
risid_20221007131732_c.flv20221007131732_c_002130_6_0.png,1,0.8306937217712402,1,0.8943583985675161,0,1,364.8285217285156,850.2193603515625,382.3735046386719,868.4074096679688
risid_20221007131732_c.flv20221007131732_c_002950_1_0.png,1,0.8837788701057434,1,0.9028407073546418,0,1,200.109375,685.7737426757812,237.9603271484375,712.0220947265625
risid_20221007131923_a.flv20221007131923_a_000740_5_0.png,1,0.8203496932983398,1,0.8403124618871404,0,1,192.28607177734375,549.268310546875,204.1354217529297,569.0171508789062
risid_20221007131923_a.flv20221007131923_a_001160_5_0.png,1,0.8048585057258606,1,0.7327063739932145,0,1,562.6717529296875,819.5706787109375,591.0921020507812,846.6007080078125
risid_20221007132004_d.flv20221007132004_d_001965_6_0.png,1,0.8008972406387329,1,0.965878792225662,0,1,356.6495056152344,920.9381713867188,388.4943542480469,958.7501831054688
risid_20221007132253.flv20221007132253_000355_6_0.png,1,0.8291757702827454,1,0.9035854219240896,0,1,22.101667404174805,22.53738021850586,36.77962875366211,36.20410919189453
risid_20221007132310_c.flv20221007132310_c_002220_6_0.png,1,0.8114688396453857,1,0.90570926735298,0,1,527.103759765625,557.1365966796875,539.95166015625,576.7330932617188
risid_20221007132310_c.flv20221007132310_c_002220_6_0.png,2,0.693419337272644,0,0.0,-1,1,357.1671142578125,703.6228637695312,368.31048583984375,713.466064453125
risid_20221007132310_c.flv20221007132310_c_002235_6_0.png,1,0.8054125308990479,1,0.820550625013626,0,1,619.6564331054688,229.0562286376953,631.8101806640625,245.87081909179688
risid_20221007132310_c.flv20221007132310_c_002235_6_0.png,2,0.5607612133026123,0,0.0,-1,1,497.0086364746094,148.08465576171875,516.16845703125,174.69296264648438
risid_20221007132542_d.flv20221007132542_d_000380_6_0.png,1,0.865008533000946,1,0.8434049015520771,0,1,545.7752075195312,652.7586669921875,562.6641235351562,674.7420654296875
risid_20221007132542_d.flv20221007132542_d_000985_6_0.png,1,0.8664705157279968,1,0.8474319713934331,0,1,685.3382568359375,987.6008911132812,709.6282348632812,1003.3428955078125
risid_20221007132542_d.flv20221007132542_d_002860_2_0.png,1,0.8450226783752441,1,0.6431554878918736,1,2,672.1058959960938,444.1712951660156,695.3231201171875,492.66656494140625
risid_20221007132542_d.flv20221007132542_d_003030_6_0.png,1,0.6867499947547913,1,0.7477919758827357,0,1,797.0411987304688,906.5020751953125,809.6770629882812,913.8118286132812
risid_20221007132542_d.flv20221007132542_d_003055_6_0.png,1,0.8257089257240295,1,0.8734361748986408,0,1,412.0701599121094,17.579421997070312,426.7372131347656,26.364971160888672
risid_20221007132831.flv20221007132831_000520_5_0.png,1,0.7126821279525757,1,0.7782400385053715,0,1,783.9213256835938,139.90704345703125,803.6185302734375,159.064453125
risid_20221007132831.flv20221007132831_000800_6_0.png,1,0.8422412276268005,1,0.8381308785180669,0,1,937.1690673828125,781.1099853515625,958.4879760742188,798.5732421875
risid_20221007132848_d.flv20221007132848_d_000445_1_0.png,1,0.6865765452384949,1,0.7523751585454068,0,1,992.70654296875,741.7194213867188,1015.73828125,762.678955078125
risid_20221007132848_d.flv20221007132848_d_000530_6_0.png,1,0.6409671306610107,1,0.8903806381375836,0,1,699.67333984375,563.1427001953125,732.5296630859375,588.8584594726562
risid_20221007132848_d.flv20221007132848_d_000530_6_0.png,2,0.2504018247127533,0,0.0,-1,1,699.11328125,562.6944580078125,731.3685302734375,588.4308471679688
risid_20221007132848_d.flv20221007132848_d_000805_4_0.png,1,0.47212961316108704,0,0.40087205129666736,-1,1,383.22821044921875,289.8311462402344,415.27569580078125,326.12603759765625
risid_20221007132848_d.flv20221007132848_d_001225_6_0.png,1,0.4306693971157074,1,0.8488058692488406,0,1,969.4708251953125,546.7350463867188,979.7373046875,559.5916748046875
risid_20221007132848_d.flv20221007132848_d_001435_6_0.png,1,0.3639712929725647,1,0.6797301950899449,0,1,904.1094970703125,118.9705581665039,915.4523315429688,131.6171875
risid_20221007133120_d.flv20221007133120_d_001630_1_0.png,1,0.841780424118042,1,0.9202984426704452,0,1,491.9710388183594,29.300296783447266,516.8082275390625,57.7034912109375
risid_20221007133120_d.flv20221007133120_d_001630_1_0.png,2,0.26115256547927856,0,0.0,-1,1,438.79827880859375,618.6972045898438,453.3770446777344,638.5838623046875
risid_20221007133409.flv20221007133409_001125_4_0.png,1,0.7895885705947876,1,0.9028744141025963,0,1,505.6715393066406,559.1481323242188,530.7120361328125,611.364501953125
risid_20221007133409.flv20221007133409_002835_4_1.png,1,0.6444514989852905,1,0.8489926961279394,0,1,685.8063354492188,125.98854064941406,715.1075439453125,166.41172790527344
risid_20221007133700_c.flv20221007133700_c_000850_6_0.png,1,0.4032495319843292,1,0.791590392163159,0,1,471.7732849121094,774.8195190429688,484.9436950683594,785.1693725585938
risid_20221007133700_c.flv20221007133700_c_000850_6_0.png,2,0.3183167278766632,0,0.0,-1,1,471.1752014160156,775.463134765625,484.7518005371094,785.65771484375
risid_20221007133700_c.flv20221007133700_c_000860_6_0.png,1,0.6057490706443787,1,0.8274735126882967,0,1,159.68695068359375,184.06494140625,171.94129943847656,201.32684326171875
risid_20221007133700_c.flv20221007133700_c_002380_6_0.png,1,0.7545204758644104,1,0.8645153533609461,0,1,739.97265625,46.10005187988281,751.4930419921875,57.35261154174805
risid_20221007133947.flv20221007133947_000615_6_0.png,1,0.8175753355026245,1,0.9036936960580648,0,1,926.6964721679688,952.1448974609375,955.5568237304688,980.3967895507812
risid_20221007133947.flv20221007133947_002375_6_0.png,1,0.8701284527778625,1,0.9331553124492106,0,1,255.53341674804688,351.7742004394531,285.0145568847656,397.9264831542969
risid_20221007133947.flv20221007133947_002380_6_0.png,1,0.9061535596847534,1,0.8122663027779353,0,1,544.330322265625,90.55535888671875,573.0737915039062,118.62496185302734
risid_20221007134543_c.flv20221007134543_c_000965_5_0.png,1,0.8096634745597839,1,0.9534383363694467,0,1,192.7163848876953,105.5754623413086,224.435546875,128.27647399902344
risid_20221007134543_c.flv20221007134543_c_001730_5_0.png,1,0.8610363006591797,1,0.9281371754818348,0,1,75.72689819335938,114.9642333984375,96.18263244628906,134.08399963378906
risid_20221007134543_c.flv20221007134543_c_001730_5_0.png,2,0.5717712640762329,0,0.0,-1,1,684.9067993164062,267.53900146484375,695.8436889648438,276.54620361328125
risid_20221007134543_c.flv20221007134543_c_001735_5_0.png,1,0.8464906215667725,1,0.8133987958350053,0,1,344.40264892578125,99.97840118408203,362.57598876953125,118.33316802978516
risid_20221007135103.flv20221007135103_000095_6_0.png,1,0.44664058089256287,0,0.43841538510970873,-1,2,370.0675354003906,780.8110961914062,387.60528564453125,802.8516845703125
risid_20221007135121_c.flv20221007135121_c_000885_5_0.png,1,0.8646243810653687,1,0.866991037969377,0,1,285.3291015625,394.3956604003906,308.5709228515625,419.027099609375
risid_20221007135354_c.flv20221007135354_c_002295_6_0.png,1,0.8128442764282227,1,0.6741249322208457,0,1,65.85997009277344,745.8527221679688,87.53728485107422,772.1856079101562
risid_20221007135354_c.flv20221007135354_c_002305_6_0.png,1,0.8037205934524536,1,0.8743310896878036,0,1,229.1138458251953,229.98291015625,254.4614715576172,254.50936889648438
risid_20221007135354_c.flv20221007135354_c_002750_6_0.png,1,0.8163367509841919,1,0.8182688783163423,0,1,201.1418914794922,67.1584701538086,215.4672088623047,89.64722442626953
risid_20221007135641.flv20221007135641_002255_5_0.png,1,0.516697883605957,1,0.8834602351015876,0,1,322.06036376953125,905.5612182617188,363.0823059082031,950.77490234375
risid_20221007135659_c.flv20221007135659_c_001265_6_0.png,1,0.689646303653717,1,0.5925878913591451,0,1,996.5106201171875,329.70709228515625,1009.22265625,355.244384765625
risid_20221007135659_c.flv20221007135659_c_002705_6_0.png,1,0.9012284278869629,1,0.910564562978923,0,1,635.93603515625,329.48809814453125,662.5767822265625,353.087890625
risid_20221007135932_b.flv20221007135932_b_002865_6_0.png,1,0.8589439988136292,1,0.8637507140690243,0,1,515.58154296875,243.24441528320312,537.1139526367188,268.25604248046875
risid_20221007140237_c.flv20221007140237_c_001470_5_0.png,1,0.4462572932243347,0,0.44699307025156965,-1,1,538.8333740234375,880.5748901367188,565.9310302734375,912.0138549804688
risid_20221007140237_c.flv20221007140237_c_001470_5_0.png,2,0.3073021471500397,1,0.5016901580421298,0,1,539.562255859375,884.6973876953125,564.6244506835938,913.9616088867188
risid_20221007140237_c.flv20221007140237_c_001520_5_0.png,1,0.5678678750991821,1,0.7426943984673072,0,1,50.42816162109375,330.45758056640625,65.63543701171875,357.9059143066406
risid_20221007140757.flv20221007140757_000130_6_0.png,1,0.5018730163574219,1,0.5347084681273647,0,1,382.66363525390625,77.1721420288086,397.8019714355469,85.47410583496094
risid_20221007141931_b.flv20221007141931_b_001530_6_0.png,1,0.6797768473625183,1,0.8434985587223208,0,1,649.3021850585938,866.7947387695312,665.1544189453125,879.05859375
risid_20221007141931_b.flv20221007141931_b_001600_6_0.png,1,0.2845832109451294,1,0.5340442150178277,0,1,726.3287353515625,2.1814498901367188,737.3417358398438,16.377092361450195
risid_20221007145858.flv20221007145858_000305_6_0.png,1,0.5361855030059814,1,0.8195309949422583,0,1,403.0515441894531,467.57879638671875,411.27008056640625,482.5738220214844
risid_20221007145858.flv20221007145858_000330_6_0.png,1,0.7043741345405579,1,0.7359270562970144,0,1,774.1312255859375,286.4210205078125,784.09716796875,300.3370361328125
risid_20221007150730.flv20221007150730_000685_3_0.png,1,0.8474552035331726,1,0.8907866964875497,0,1,397.03094482421875,431.7967834472656,413.0340270996094,449.93389892578125
risid_20221007152131.flv20221007152131_002090_5_0.png,1,0.3532850444316864,1,0.7282790875125972,0,1,558.2821655273438,239.7001190185547,572.8480224609375,259.45013427734375
risid_20221007152131.flv20221007152131_002700_6_0.png,1,0.4655454158782959,1,0.7418697074611468,0,1,418.7999572753906,349.3508605957031,433.85333251953125,369.6091613769531
risid_20221007154942.flv20221007154942_000530_6_0.png,1,0.6922844052314758,1,0.6972855832887345,0,1,641.3433227539062,991.7957763671875,651.8323974609375,998.7974853515625
risid_20221010070134.flv20221010070134_000870_4_0.png,1,0.8687793016433716,1,0.9843592350818606,0,1,344.4446105957031,898.5068359375,376.59552001953125,936.39501953125
risid_20221010070134.flv20221010070134_000915_4_0.png,1,0.7875630259513855,1,0.8823658128513229,0,1,229.27017211914062,432.8739318847656,252.42990112304688,470.90301513671875
risid_20221010071109_d.flv20221010071109_d_000430_6_0.png,1,0.8192427158355713,1,0.8482521902101509,2,3,314.7994384765625,161.072998046875,348.5939025878906,207.1614227294922
risid_20221010071109_d.flv20221010071109_d_000445_6_0.png,1,0.892314076423645,1,0.8822169744953404,0,1,748.6807250976562,103.02530670166016,779.9364013671875,149.74484252929688
risid_20221010071109_d.flv20221010071109_d_001425_6_0.png,1,0.817419171333313,1,0.7899829540820232,1,2,771.1597900390625,946.6500244140625,796.0594482421875,969.0283203125
risid_20221010071109_d.flv20221010071109_d_001425_6_0.png,2,0.7034257054328918,1,0.8412952040554852,0,2,987.1038818359375,965.4573364257812,1003.5172729492188,981.4818115234375
risid_20221010071109_d.flv20221010071109_d_001475_6_0.png,1,0.8784645199775696,1,0.9253889082711587,1,2,38.39312744140625,426.626220703125,68.73114776611328,462.8495178222656
risid_20221010071109_d.flv20221010071109_d_001475_6_0.png,2,0.48190250992774963,1,0.7960476467246568,0,2,351.7498474121094,452.52545166015625,368.52813720703125,469.46917724609375
risid_20221010071109_d.flv20221010071109_d_001495_6_0.png,1,0.8358837962150574,1,0.8919881014111536,1,2,203.9829864501953,292.45489501953125,234.0181427001953,326.7456359863281
risid_20221010071109_d.flv20221010071109_d_001495_6_0.png,2,0.5876682996749878,1,0.8833450322854977,0,2,543.3802490234375,313.46099853515625,560.0401000976562,328.99261474609375
risid_20221010071109_d.flv20221010071109_d_001500_6_0.png,1,0.8229027390480042,1,0.8873830723565083,1,2,24.141502380371094,191.1697540283203,54.03075408935547,225.15206909179688
risid_20221010071109_d.flv20221010071109_d_001500_6_0.png,2,0.598117470741272,1,0.8435561783964487,0,2,368.8492431640625,212.9837188720703,385.2366638183594,227.6009521484375
risid_20221010071109_d.flv20221010071109_d_001775_6_0.png,1,0.8180322051048279,1,0.8742006973081939,0,1,630.176513671875,0.020841216668486595,656.991943359375,25.310348510742188
risid_20221010071109_d.flv20221010071109_d_003225_6_0.png,1,0.8256109952926636,1,0.9058634383871768,0,1,308.09515380859375,980.3347778320312,326.5022888183594,995.1295776367188
risid_20221010071109_d.flv20221010071109_d_003250_6_0.png,1,0.8296594023704529,1,0.816917923869665,0,1,596.0253295898438,825.2415771484375,613.8240966796875,843.2698364257812
risid_20221010072455_b.flv20221010072455_b_000720_6_0.png,1,0.830767035484314,1,0.7838750044718364,0,1,766.3427734375,876.1822509765625,780.472412109375,893.9923095703125
risid_20221010072455_b.flv20221010072455_b_000740_6_0.png,1,0.7227339744567871,1,0.8674643540595811,0,1,246.9283447265625,268.41607666015625,264.1024169921875,281.78314208984375
risid_20221010073133_b.flv20221010073133_b_000780_3_0.png,1,0.9361061453819275,1,0.9450950404437696,0,1,135.4404754638672,391.5458679199219,179.88465881347656,432.3876953125
risid_20221010073344_c.flv20221010073344_c_002205_1_0.png,1,0.7022461891174316,1,0.8292051111108761,0,1,82.0716781616211,303.7838134765625,94.44725036621094,332.72515869140625
risid_20221010073344_c.flv20221010073344_c_002270_1_0.png,1,0.7720502614974976,1,0.7902976070547976,0,1,332.1883850097656,104.31693267822266,356.5032043457031,123.62918853759766
risid_20221010073923_c.flv20221010073923_c_000340_5_0.png,1,0.6399874091148376,1,0.8476223599039482,0,1,571.1751098632812,463.90240478515625,587.8748779296875,484.7764587402344
risid_20221010073923_c.flv20221010073923_c_000360_5_0.png,1,0.7126129865646362,1,0.89452620905946,0,1,324.02783203125,159.64767456054688,339.6576232910156,179.40542602539062
risid_20221010073923_c.flv20221010073923_c_000365_5_0.png,1,0.8355506062507629,1,0.847562803280534,0,1,323.3802795410156,158.87864685058594,338.9958801269531,177.43963623046875
risid_20221010073923_c.flv20221010073923_c_001570_4_0.png,1,0.7751813530921936,1,0.9384894254015016,0,1,447.1946716308594,794.5013427734375,475.02783203125,840.806640625
risid_20221010073923_c.flv20221010073923_c_001570_4_0.png,2,0.3362431824207306,0,0.0,-1,1,445.50225830078125,794.7802124023438,473.04364013671875,840.81640625
risid_20221010073923_c.flv20221010073923_c_001585_7_0.png,1,0.7932078838348389,1,0.8073536662945651,0,1,247.2989501953125,652.6121215820312,274.2093200683594,704.0372924804688
risid_20221010074501_c.flv20221010074501_c_000410_6_0.png,1,0.7392105460166931,1,0.8061227425141594,0,1,616.5142211914062,876.85888671875,629.3748779296875,890.8981323242188
risid_20221010074501_c.flv20221010074501_c_001055_6_0.png,1,0.8710820078849792,1,0.7812526167197603,0,1,380.68267822265625,145.36131286621094,396.3671875,163.79879760742188
risid_20221010074501_c.flv20221010074501_c_001060_6_0.png,1,0.445144385099411,1,0.759449529659852,0,1,559.596923828125,106.3238754272461,575.37060546875,124.62034606933594
risid_20221010075039_c.flv20221010075039_c_001980_6_0.png,1,0.8460169434547424,1,0.8933334938828007,0,1,257.05169677734375,734.1057739257812,273.2390441894531,763.2739868164062
risid_20221010075039_c.flv20221010075039_c_002000_6_0.png,1,0.8813562989234924,1,0.9142444538787823,0,1,581.0274658203125,581.7235717773438,602.9459228515625,608.3705444335938
risid_20221010075039_c.flv20221010075039_c_002015_6_0.png,1,0.8538045287132263,1,0.9593125565519925,0,1,683.9342041015625,530.31689453125,707.8467407226562,553.7747802734375
risid_20221010075039_c.flv20221010075039_c_002025_6_0.png,1,0.8206542730331421,1,0.9127732560558166,0,1,904.2437744140625,461.83251953125,929.8138427734375,482.8445739746094
risid_20221010075039_c.flv20221010075039_c_002030_6_0.png,1,0.8003646731376648,1,0.8143161586996435,0,1,158.85479736328125,372.7262268066406,186.03573608398438,391.83929443359375
risid_20221010075039_c.flv20221010075039_c_002085_6_0.png,1,0.7482185959815979,1,0.7542836972720549,0,1,271.28533935546875,62.699913024902344,290.7833251953125,84.81640625
risid_20221010075039_c.flv20221010075039_c_002090_6_0.png,1,0.7305896282196045,1,0.9581068270571806,0,1,798.9951171875,32.862945556640625,816.9783325195312,55.42469024658203
risid_20221010075617_c.flv20221010075617_c_000880_5_0.png,1,0.7999457120895386,1,0.8690543432395142,0,1,405.5018005371094,749.5614013671875,444.11346435546875,761.6226806640625
risid_20221010075617_c.flv20221010075617_c_000890_5_0.png,1,0.8593031764030457,1,0.8089877024471709,0,1,661.5103759765625,685.2839965820312,700.8109130859375,700.117919921875
risid_20221010075617_c.flv20221010075617_c_000935_5_0.png,1,0.7951869368553162,1,0.8119409104672166,0,1,662.8709716796875,340.85235595703125,699.6411743164062,357.1671447753906
risid_20221010080155_c.flv20221010080155_c_000240_6_0.png,1,0.8037671446800232,1,0.8029761016071738,0,1,715.9696044921875,674.314453125,732.063720703125,695.9036865234375
risid_20221010080155_c.flv20221010080155_c_000255_6_0.png,1,0.8418035507202148,1,0.9281387504681733,0,1,649.9016723632812,549.7466430664062,665.8613891601562,570.6995239257812
risid_20221010080155_c.flv20221010080155_c_000280_6_0.png,1,0.8149444460868835,1,0.7406226242107984,0,1,372.42864990234375,341.3681640625,387.17144775390625,359.5545654296875
risid_20221010080155_c.flv20221010080155_c_002885_6_0.png,1,0.7686097025871277,1,0.8005282942658575,0,1,793.0162353515625,993.1724853515625,817.0694580078125,1008.61474609375
risid_20221010080155_c.flv20221010080155_c_002995_6_0.png,1,0.8376734256744385,1,0.8634182779544531,0,1,839.1978759765625,164.06932067871094,863.912109375,177.2095947265625
risid_20221010080155_c.flv20221010080155_c_003020_6_0.png,1,0.31441494822502136,0,0.0,-1,1,999.9939575195312,249.0423583984375,1014.4025268554688,259.6246337890625
risid_20221010080155_c.flv20221010080155_c_003355_6_0.png,1,0.7546390295028687,1,0.8395975529347995,0,1,900.2355346679688,940.0098876953125,925.5068359375,951.7335815429688
risid_20221010080733_c.flv20221010080733_c_000070_6_0.png,1,0.8572761416435242,1,0.7839105012914578,0,1,820.8480224609375,187.13230895996094,846.3023681640625,208.28842163085938
risid_20221010081311_c.flv20221010081311_c_000240_3_0.png,1,0.4544220268726349,0,0.48322344406286777,-1,1,170.526123046875,1015.4205322265625,196.78976440429688,1023.9876098632812
risid_20221010081311_c.flv20221010081311_c_000240_3_0.png,2,0.36967751383781433,0,0.31450169246811865,-1,1,161.78414916992188,1014.7425537109375,191.04666137695312,1024.0
risid_20221010081311_c.flv20221010081311_c_000345_3_0.png,1,0.8890352845191956,1,0.9094218828500223,0,1,60.757484436035156,535.617431640625,93.92825317382812,566.9967041015625
risid_20221010081311_c.flv20221010081311_c_000355_3_0.png,1,0.888854444026947,1,0.9387399829933809,0,1,193.36630249023438,477.3453674316406,227.1327362060547,507.7535705566406
risid_20221010081311_c.flv20221010081311_c_000375_3_0.png,1,0.8875856399536133,1,0.9263515255988708,0,1,48.257606506347656,359.8492126464844,81.6504135131836,389.1455078125
risid_20221010081311_c.flv20221010081311_c_000400_3_0.png,1,0.8901850581169128,1,0.9162944253595318,0,1,585.7513427734375,271.87420654296875,618.8765258789062,299.01226806640625
risid_20221010081311_c.flv20221010081311_c_000435_6_0.png,1,0.8691695928573608,1,0.9118348277495781,0,1,207.7301788330078,982.1344604492188,236.46511840820312,1011.3997802734375
risid_20221010081311_c.flv20221010081311_c_000495_6_0.png,1,0.8844650387763977,1,0.8816122945269621,0,1,597.3045654296875,587.2103881835938,619.248046875,625.2919921875
risid_20221010081311_c.flv20221010081311_c_001715_6_0.png,1,0.8194319009780884,1,0.8424410062378139,0,1,689.4335327148438,382.9696044921875,707.5914306640625,412.8097229003906
risid_20221010081311_c.flv20221010081311_c_001745_6_0.png,1,0.48215290904045105,1,0.8948135231561066,0,1,452.97308349609375,140.37164306640625,463.0947265625,168.07008361816406
risid_20221010081311_c.flv20221010081311_c_001745_6_0.png,2,0.26181265711784363,0,0.0,-1,1,453.09783935546875,140.66928100585938,463.2478942871094,168.56324768066406
risid_20221010081311_c.flv20221010081311_c_002405_6_0.png,1,0.5650071501731873,1,0.8635807911047171,0,1,193.1790008544922,760.4716796875,208.8253631591797,782.0530395507812
risid_20221010081849_c.flv20221010081849_c_003020_3_0.png,1,0.9167431592941284,1,0.922772265208092,0,1,346.67608642578125,638.3389282226562,375.1971130371094,664.6785278320312
risid_20221010081849_c.flv20221010081849_c_003030_3_0.png,1,0.9083620309829712,1,0.9025155416315541,0,1,698.6685791015625,617.81298828125,727.65380859375,645.0123901367188
risid_20221010082427_c.flv20221010082427_c_001245_6_0.png,1,0.8160220384597778,1,0.7915226292129461,0,1,981.12255859375,922.9811401367188,1004.1590576171875,945.2711791992188
risid_20221010082427_c.flv20221010082427_c_001255_6_0.png,1,0.8367782831192017,1,0.8139401371507011,0,1,764.7792358398438,819.1148681640625,788.3013916015625,841.7750854492188
risid_20221010082427_c.flv20221010082427_c_001310_6_0.png,1,0.7851384878158569,1,0.8389397949980022,0,1,752.6126708984375,566.228515625,775.8922119140625,584.6358642578125
risid_20221010082427_c.flv20221010082427_c_001310_6_0.png,2,0.2954997718334198,0,0.0,-1,1,752.3656005859375,566.8580932617188,775.8406982421875,584.8108520507812
risid_20221010082427_c.flv20221010082427_c_001320_6_0.png,1,0.8596873879432678,1,0.829179937058425,0,1,447.70623779296875,448.75152587890625,471.680908203125,468.3805236816406
risid_20221010082427_c.flv20221010082427_c_001390_6_0.png,1,0.8628783226013184,1,0.8909259346693481,0,1,966.7736206054688,93.201904296875,989.8031005859375,109.6751480102539
risid_20221010082427_c.flv20221010082427_c_001395_6_0.png,1,0.7753409147262573,1,0.8385837131049175,0,1,586.7085571289062,69.42403411865234,608.8405151367188,85.0313720703125
risid_20221010083005_c.flv20221010083005_c_000965_6_0.png,1,0.6990681290626526,1,0.7330563920443327,0,1,389.3079528808594,255.82962036132812,406.5091552734375,265.22027587890625
risid_20221010083005_c.flv20221010083005_c_000980_6_0.png,1,0.6488975882530212,1,0.6621058284534764,0,1,175.84011840820312,113.09610748291016,192.3195037841797,121.52535247802734
risid_20221010083133.flv20221010083133_000165_5_0.png,1,0.658071756362915,1,0.847548516854353,0,1,594.6153564453125,921.6759643554688,611.345947265625,935.1514892578125
risid_20221010083133.flv20221010083133_000165_5_0.png,2,0.27744126319885254,0,0.0,-1,1,260.6171875,379.3913879394531,269.47369384765625,395.33343505859375
risid_20221010085238_c.flv20221010085238_c_000155_6_0.png,1,0.6608565449714661,1,0.8394912231200734,0,1,883.4610595703125,399.60614013671875,901.4113159179688,419.6087951660156
risid_20221010085238_c.flv20221010085238_c_000175_6_0.png,1,0.8045108914375305,1,0.7758974209379782,0,1,453.06231689453125,238.6341094970703,471.49591064453125,257.42730712890625
risid_20221010085238_c.flv20221010085238_c_000385_6_0.png,1,0.6873880624771118,1,0.8361270547235463,0,1,349.76446533203125,902.3439331054688,371.9851379394531,917.6331176757812
risid_20221010085238_c.flv20221010085238_c_000465_6_0.png,1,0.6979884505271912,1,0.9003191451220667,0,1,881.0792236328125,527.2637939453125,895.7435302734375,543.179931640625
risid_20221010085238_c.flv20221010085238_c_000475_6_0.png,1,0.2969506084918976,1,0.8147052102412314,0,1,408.51934814453125,414.887451171875,422.416748046875,430.3309020996094
risid_20221010085238_c.flv20221010085238_c_000530_6_0.png,1,0.6735092401504517,1,0.8850369415421973,0,1,762.3226318359375,174.61544799804688,775.3706665039062,189.56808471679688
risid_20221010085238_c.flv20221010085238_c_000545_6_0.png,1,0.7926777601242065,1,0.757152241729988,0,1,421.9189453125,103.8650131225586,436.5037536621094,119.780029296875
risid_20221010085816_c.flv20221010085816_c_000330_6_0.png,1,0.6557257771492004,1,0.8933242807840854,0,1,213.78579711914062,795.7861938476562,225.09036254882812,808.1644287109375
risid_20221010085816_c.flv20221010085816_c_000435_6_0.png,1,0.6775624752044678,1,0.9111238105524337,0,1,900.9826049804688,388.1279296875,911.5362548828125,403.3537292480469
risid_20221010085816_c.flv20221010085816_c_000455_6_0.png,1,0.7222327589988708,1,0.8523379188887283,0,1,746.0057373046875,295.87750244140625,756.8379516601562,310.67901611328125
risid_20221010085816_c.flv20221010085816_c_000480_6_0.png,1,0.736700713634491,1,0.7432008222325842,0,1,870.12890625,189.45407104492188,881.19970703125,200.3119659423828
risid_20221010091511_c.flv20221010091511_c_000595_6_0.png,1,0.5497674345970154,1,0.8049259461416415,0,1,442.39007568359375,289.14227294921875,449.5872497558594,303.85302734375
risid_20221010092627_c.flv20221010092627_c_000190_5_0.png,1,0.6572666764259338,1,0.721891886483858,0,1,725.1451416015625,989.4630126953125,765.2599487304688,1018.2637939453125
risid_20221010100554_c.flv20221010100554_c_001255_5_0.png,1,0.9167834520339966,1,0.9124888947598678,0,1,58.5579719543457,724.2593994140625,85.14280700683594,760.7410278320312
risid_20221010100554_c.flv20221010100554_c_001350_5_0.png,1,0.8951277136802673,1,0.8664505129261774,1,2,609.1521606445312,483.260498046875,654.0554809570312,540.4407958984375
risid_20221010100554_c.flv20221010100554_c_001350_5_0.png,2,0.6473174691200256,1,0.9278206920524663,0,2,410.0721740722656,172.94139099121094,432.39990234375,206.730712890625
risid_20221010103942_c.flv20221010103942_c_003040_6_0.png,1,0.8510996103286743,1,0.8930031014993047,0,1,420.28399658203125,167.79421997070312,437.3257751464844,183.45187377929688
risid_20221010104521_c.flv20221010104521_c_000480_2_0.png,1,0.6919136643409729,1,0.7309639274203361,0,1,512.722900390625,788.8661499023438,529.6300659179688,801.8284912109375
risid_20221010104521_c.flv20221010104521_c_001155_1_0.png,1,0.7750808000564575,1,0.8874885589910715,0,1,209.07156372070312,250.8224334716797,249.6508026123047,268.79693603515625
risid_20221010105019.flv20221010105019_002765_6_0.png,1,0.8500579595565796,1,0.8830796522560636,0,1,868.7950439453125,748.7054443359375,886.7999877929688,771.66064453125
risid_20221010105019.flv20221010105019_002935_6_0.png,1,0.8817935585975647,1,0.8538650443276651,0,1,651.9733276367188,946.75146484375,671.9126586914062,962.8355712890625
risid_20221010105019.flv20221010105019_003235_4_0.png,1,0.837042510509491,1,0.909258105782966,0,1,381.67669677734375,790.9089965820312,411.2710876464844,811.300537109375
risid_20221010105048_c.flv20221010105048_c_002835_4_0.png,1,0.6569110751152039,1,0.8009993656130917,0,1,659.1215209960938,0.0,679.450927734375,11.718217849731445
risid_20221010105637_c.flv20221010105637_c_001995_6_0.png,1,0.6005856394767761,1,0.6271973574393908,0,1,403.72711181640625,1011.2772216796875,420.81402587890625,1023.7728271484375
risid_20221010105637_c.flv20221010105637_c_001995_6_0.png,2,0.3105317950248718,0,0.0,-1,1,401.0653076171875,1011.03369140625,418.3678283691406,1024.0
risid_20221010105637_c.flv20221010105637_c_002005_6_0.png,1,0.8625544905662537,1,0.8873988861098966,0,1,950.3087158203125,602.8424682617188,963.9876708984375,622.7372436523438
risid_20221010105637_c.flv20221010105637_c_002355_6_0.png,1,0.8596326112747192,1,0.8663241448796996,0,1,845.2072143554688,833.9410400390625,863.2802734375,868.4815673828125
risid_20221010110713.flv20221010110713_002550_6_0.png,1,0.741746187210083,1,0.7345128450373734,0,1,818.5173950195312,829.9728393554688,839.18505859375,837.927734375
risid_20221010110753_c.flv20221010110753_c_000250_5_0.png,1,0.4410044252872467,1,0.7166755731599082,1,2,645.5820922851562,980.5484619140625,675.322265625,1012.5986328125
risid_20221010110753_c.flv20221010110753_c_000250_5_0.png,2,0.2508258819580078,1,0.7517617919083437,0,2,854.4548950195312,706.0549926757812,873.3064575195312,726.7279663085938
risid_20221010110756_c.flv20221010110756_c_002660_6_0.png,1,0.8158197402954102,1,0.7083375950626801,0,1,672.3058471679688,864.7108154296875,704.1444091796875,899.2974853515625
risid_20221010111331_c.flv20221010111331_c_002000_6_0.png,1,0.8312175869941711,1,0.8884739499220983,0,1,475.5986328125,256.185546875,486.3531188964844,278.21197509765625
risid_20221010111829.flv20221010111829_001770_5_0.png,1,0.8629434108734131,1,0.8015846369475063,0,1,714.240234375,4.779005527496338,736.0165405273438,37.208953857421875
risid_20221010111909_c.flv20221010111909_c_000880_2_0.png,1,0.8184100389480591,1,0.9263467713291277,0,1,568.9277954101562,959.3048095703125,587.9801025390625,971.859375
risid_20221010111909_c.flv20221010111909_c_002435_1_0.png,1,0.7191771864891052,1,0.5234442977861465,0,1,338.2601318359375,876.1687622070312,363.6684265136719,894.1477661132812
risid_20221010111909_c.flv20221010111909_c_003305_6_0.png,1,0.619198203086853,1,0.6476690574351761,0,1,529.3426513671875,524.9840087890625,546.4611206054688,536.65234375
risid_20221010111913_c.flv20221010111913_c_001480_5_0.png,1,0.7298334240913391,1,0.9464787459373287,0,1,401.78729248046875,558.0515747070312,438.8201599121094,594.4100952148438
risid_20221010111913_c.flv20221010111913_c_001480_5_0.png,2,0.5348076820373535,0,0.0,-1,1,402.2753601074219,558.1300048828125,439.73284912109375,595.0623168945312
risid_20221010112407.flv20221010112407_002115_6_0.png,1,0.52931147813797,0,0.49648145022714096,-1,1,684.2049560546875,42.678688049316406,702.0974731445312,52.65654373168945
risid_20221010112447_c.flv20221010112447_c_001615_6_0.png,1,0.7587006688117981,1,0.8044013371180024,0,2,927.09326171875,966.36669921875,945.7555541992188,979.7706298828125
risid_20221010112447_c.flv20221010112447_c_002110_5_0.png,1,0.8178087472915649,1,0.8898771167681051,0,1,675.3712768554688,632.1716918945312,707.3023071289062,651.4663696289062
risid_20221010112447_c.flv20221010112447_c_002120_5_0.png,1,0.8311008214950562,1,0.7452254702107548,0,1,174.7393341064453,311.4783935546875,208.1724090576172,337.528076171875
risid_20221010112945.flv20221010112945_001700_6_0.png,1,0.783132016658783,1,0.7813757191409271,0,1,776.2462158203125,508.0122985839844,789.1534423828125,525.1055908203125
risid_20221010113029_c.flv20221010113029_c_003320_6_0.png,1,0.7971399426460266,1,0.6874521753176408,0,1,803.6901245117188,503.66558837890625,818.6389770507812,517.706787109375
risid_20221010113523.flv20221010113523_003095_6_0.png,1,0.7478400468826294,0,0.42013369662897865,-1,1,948.4920043945312,519.7132568359375,1001.2744140625,546.9467163085938
risid_20221010113603_c.flv20221010113603_c_002755_6_0.png,1,0.5813469290733337,1,0.878572155257327,0,1,393.89227294921875,875.1052856445312,426.8233337402344,890.8311767578125
risid_20221010114145_c.flv20221010114145_c_001080_6_0.png,1,0.8666037321090698,1,0.77029087236087,0,1,170.35377502441406,641.6217041015625,182.83963012695312,660.3417358398438
risid_20221010114145_c.flv20221010114145_c_002880_6_0.png,1,0.742954432964325,1,0.8394606372606886,0,1,222.7988739013672,776.173095703125,245.68093872070312,814.9510498046875
risid_20221010114145_c.flv20221010114145_c_002885_6_0.png,1,0.8133891820907593,1,0.8634562050183315,0,1,624.4465942382812,622.5562744140625,656.7911376953125,660.6364135742188
risid_20221010114639.flv20221010114639_003120_6_0.png,1,0.6889380812644958,1,0.70650290846777,0,1,577.7691650390625,29.87601089477539,590.2678833007812,42.48152160644531
risid_20221010114719_c.flv20221010114719_c_001690_5_0.png,1,0.873262345790863,1,0.8245481320919518,0,1,233.084228515625,560.7637939453125,284.8465881347656,598.0390625
risid_20221010114733_b.flv20221010114733_b_000750_6_0.png,1,0.6491572260856628,1,0.743418541261556,0,1,315.4246826171875,34.57283020019531,327.36016845703125,47.79783630371094
risid_20221010115218.flv20221010115218_000845_6_0.png,1,0.786625862121582,1,0.8244065592328352,0,1,937.9948120117188,848.7498779296875,946.8302001953125,859.3751831054688
risid_20221010115257_c.flv20221010115257_c_000650_6_0.png,1,0.819796621799469,1,0.8356707320227749,0,1,296.1946105957031,830.6273193359375,313.1405334472656,859.3072509765625
risid_20221010115257_c.flv20221010115257_c_000655_6_0.png,1,0.8353949189186096,1,0.7928234964309028,0,1,609.9531860351562,782.6451416015625,626.6099853515625,811.6851806640625
risid_20221010115257_c.flv20221010115257_c_000715_5_0.png,1,0.8358473777770996,1,0.8741686863984492,0,1,138.7164764404297,605.9464721679688,153.26136779785156,643.8648681640625
risid_20221010115257_c.flv20221010115257_c_000745_5_0.png,1,0.8636812567710876,1,0.9059960768685953,0,1,398.58026123046875,128.7042694091797,430.17303466796875,151.87632751464844
risid_20221010115257_c.flv20221010115257_c_001135_1_0.png,1,0.6494053602218628,1,0.7661735018956312,0,1,1000.54345703125,867.41845703125,1013.2199096679688,921.5866088867188
risid_20221010115257_c.flv20221010115257_c_001160_1_0.png,1,0.7155967950820923,1,0.8752226455074398,0,1,621.019287109375,508.3604431152344,632.1448974609375,563.0455932617188
risid_20221010115257_c.flv20221010115257_c_001170_1_0.png,1,0.7104852199554443,1,0.917452583208651,0,1,626.398681640625,379.8905944824219,636.4188232421875,432.978515625
risid_20221010115257_c.flv20221010115257_c_001175_1_0.png,1,0.606278657913208,1,0.7967770533098351,0,1,981.5333862304688,370.2314758300781,991.2386474609375,421.01812744140625
risid_20221010115257_c.flv20221010115257_c_001335_5_0.png,1,0.8481037616729736,1,0.8661478107404268,0,1,812.3302001953125,845.8226318359375,830.0719604492188,860.1570434570312
risid_20221010115257_c.flv20221010115257_c_003095_6_0.png,1,0.8008649349212646,1,0.8535932600362127,0,1,472.9112854003906,920.61865234375,483.61407470703125,933.1131591796875
risid_20221010115257_c.flv20221010115257_c_003140_6_0.png,1,0.7466777563095093,1,0.6416779787968531,0,1,719.9888916015625,367.7666931152344,730.3045043945312,378.7984924316406
risid_20221010115756.flv20221010115756_002380_6_0.png,1,0.7505887150764465,1,0.7532014234128116,0,1,283.11407470703125,334.3327331542969,294.0637512207031,345.68280029296875
risid_20221010115756.flv20221010115756_003160_1_0.png,1,0.8499201536178589,1,0.792058893658101,0,1,898.9671630859375,806.4177856445312,938.7219848632812,823.0631713867188
risid_20221010115756.flv20221010115756_003175_1_0.png,1,0.7691225409507751,1,0.6990216705263297,0,1,959.5665893554688,11.30860424041748,975.6116333007812,34.469207763671875
risid_20221010115848_b.flv20221010115848_b_000630_6_0.png,1,0.5358777046203613,1,0.8965789315313198,0,1,788.6548461914062,787.2178955078125,799.818359375,800.4150390625
risid_20221010115848_b.flv20221010115848_b_000630_6_0.png,2,0.2937306761741638,0,0.0,-1,1,788.29150390625,786.6565551757812,799.7742309570312,799.9944458007812
risid_20221010120445_b.flv20221010120445_b_000535_6_0.png,1,0.3038446307182312,1,0.7751284798876646,0,1,339.49163818359375,137.33895874023438,354.38128662109375,152.1989288330078
risid_20221010120445_b.flv20221010120445_b_002510_6_0.png,1,0.5203744173049927,1,0.8719407110211169,0,1,71.47779846191406,119.5497817993164,87.61228942871094,141.3405303955078
risid_20221010121450.flv20221010121450_002065_6_0.png,1,0.832774817943573,1,0.7575861706723129,0,1,847.6461791992188,781.3162841796875,858.4993286132812,805.7401733398438
risid_20221010121450.flv20221010121450_002255_6_0.png,1,0.8784157037734985,1,0.7848573190720117,0,1,974.1505737304688,720.12158203125,991.5148315429688,747.3431396484375
risid_20221010121529_c.flv20221010121529_c_000885_6_0.png,1,0.5720335841178894,1,0.5566087914728777,0,1,841.4320068359375,1013.1867065429688,861.8861083984375,1023.7174072265625
risid_20221010121529_c.flv20221010121529_c_000905_6_0.png,1,0.8755311965942383,1,0.8829979394414661,0,1,892.17041015625,872.7530517578125,910.9896240234375,891.14111328125
risid_20221010121529_c.flv20221010121529_c_000915_6_0.png,1,0.7900449633598328,1,0.8246239716290836,0,1,721.2387084960938,721.9608764648438,739.8307495117188,742.3370361328125
risid_20221010121529_c.flv20221010121529_c_000960_6_0.png,1,0.8473920226097107,1,0.7628542751279365,0,1,767.80810546875,213.49453735351562,787.6754150390625,232.38436889648438
risid_20221010122107_c.flv20221010122107_c_000135_5_0.png,1,0.5890401601791382,1,0.8384816708247939,0,1,971.0015869140625,589.54248046875,1002.9713745117188,622.1187133789062
risid_20221010122107_c.flv20221010122107_c_000155_5_0.png,1,0.7686888575553894,1,0.8732924597488435,0,1,472.86737060546875,282.985595703125,503.09063720703125,313.0592956542969
risid_20221010122107_c.flv20221010122107_c_003040_5_0.png,1,0.7724027037620544,1,0.7282730285447694,0,1,301.81182861328125,809.396728515625,318.2895202636719,824.140625
risid_20221010122107_c.flv20221010122107_c_003080_5_0.png,1,0.5363712310791016,1,0.6362087084435664,0,1,50.29501724243164,365.4206848144531,60.052955627441406,385.0951232910156
risid_20221010122107_c.flv20221010122107_c_003095_5_0.png,1,0.6470623016357422,1,0.7444566895047221,0,1,256.1250915527344,247.31173706054688,265.2864074707031,265.4855041503906
risid_20221010122107_c.flv20221010122107_c_003100_5_0.png,1,0.312879741191864,1,0.8005362769506534,0,1,842.271484375,207.2352294921875,852.0238037109375,224.4343719482422
risid_20221010122107_c.flv20221010122107_c_003100_5_0.png,2,0.2547851502895355,0,0.0,-1,1,840.7042236328125,207.23342895507812,851.0028076171875,224.5815887451172
risid_20221010122645_b.flv20221010122645_b_000900_6_0.png,1,0.6740117073059082,1,0.8033758018198887,0,1,381.8143310546875,1004.4968872070312,393.72064208984375,1015.400390625
risid_20221010122645_b.flv20221010122645_b_000900_6_0.png,2,0.4731599986553192,0,0.0,-1,1,380.5462646484375,1005.2273559570312,393.57073974609375,1022.5628051757812
risid_20221010122645_b.flv20221010122645_b_000990_6_0.png,1,0.43485191464424133,1,0.8907186272171288,0,1,325.9814453125,147.04446411132812,337.6233215332031,158.8338165283203
risid_20221010122645_b.flv20221010122645_b_000990_6_0.png,2,0.27184897661209106,0,0.0,-1,1,325.9517517089844,147.88858032226562,337.2494201660156,159.31021118164062
risid_20221010124838.flv20221010124838_001605_5_0.png,1,0.8864836096763611,1,0.9281166412024813,0,1,714.1298217773438,683.1729125976562,740.756591796875,707.3858642578125
risid_20221010124838.flv20221010124838_001610_5_0.png,1,0.8777449727058411,1,0.9027718023756272,0,1,864.3963012695312,534.4344482421875,892.1637573242188,566.8070678710938
risid_20221010125557.flv20221010125557_001935_6_0.png,1,0.58829665184021,1,0.6768927883900985,0,1,270.69512939453125,397.60565185546875,283.1788024902344,412.05413818359375
risid_20221010130532.flv20221010130532_003205_5_0.png,1,0.8923991322517395,1,0.9001915324736198,0,1,887.5680541992188,907.0114135742188,911.5010986328125,929.6736450195312
risid_20221010130713.flv20221010130713_002625_6_0.png,1,0.7001116871833801,1,0.6528456828499526,0,1,131.37802124023438,824.6922607421875,146.17840576171875,834.92333984375
risid_20221010132804.flv20221010132804_002065_6_0.png,1,0.8405042290687561,1,0.8528817430715662,0,1,169.8459014892578,582.902587890625,190.27877807617188,604.8796997070312
risid_20221010134458.flv20221010134458_000355_6_0.png,1,0.38418418169021606,0,0.3918309094312912,-1,1,795.7583618164062,638.20849609375,811.2611083984375,664.8802490234375
risid_20221010134458.flv20221010134458_001365_6_0.png,1,0.7889174818992615,1,0.8746634135127803,0,1,788.9776611328125,107.80531311035156,808.4344482421875,125.97684478759766
risid_20221010135654.flv20221010135654_000790_5_0.png,1,0.8859805464744568,1,0.9408986418926135,0,1,936.6851806640625,903.296875,958.4949340820312,934.2230224609375
risid_20221010135654.flv20221010135654_000800_5_0.png,1,0.8789716362953186,1,0.9045576854260888,0,1,767.4586791992188,810.4923095703125,788.8767700195312,842.22412109375
risid_20221010135654.flv20221010135654_000875_5_0.png,1,0.9036558270454407,1,0.8780234568284864,0,1,508.87353515625,500.770751953125,529.270263671875,536.6599731445312
risid_20221010135654.flv20221010135654_000930_5_0.png,1,0.8659948706626892,1,0.8716001337768838,0,1,533.3809814453125,336.4520263671875,553.1598510742188,369.8990783691406
risid_20221123083138.flv20221123083138_000435_5_0.png,1,0.8530362844467163,1,0.92406960676667,0,1,598.5930786132812,832.3611450195312,636.9154663085938,860.6554565429688
risid_20221123083138.flv20221123083138_000480_5_0.png,1,0.9065935611724854,1,0.9072991565640534,0,1,671.58251953125,228.21847534179688,711.082763671875,268.9154357910156
risid_20221123083138.flv20221123083138_000485_5_0.png,1,0.9206627011299133,1,0.9098602814969673,0,1,444.23345947265625,154.0756378173828,483.57843017578125,195.13827514648438
risid_20221123100153.flv20221123100153_000660_6_0.png,1,0.70160311460495,1,0.7479907956328506,0,1,828.6661376953125,801.8323974609375,851.6768798828125,838.4720458984375
risid_20221123100153.flv20221123100153_000675_6_0.png,1,0.8028718829154968,1,0.9349264994284139,0,1,534.9028930664062,189.09603881835938,552.7894287109375,211.9310302734375
risid_20221123103119.flv20221123103119_003240_5_0.png,1,0.9049381017684937,1,0.9021159957264351,0,1,559.5953369140625,746.5479125976562,580.7695922851562,781.0166625976562
risid_20221123103119.flv20221123103119_003260_5_0.png,1,0.8973080515861511,1,0.9106489393690601,0,1,357.51165771484375,487.1678771972656,381.0348205566406,524.3681030273438
risid_20221123103119.flv20221123103119_003295_5_0.png,1,0.8522108793258667,1,0.91962638554053,0,1,233.5431365966797,139.64236450195312,260.3674621582031,168.44070434570312
risid_20221123103133.flv20221123103133_000510_6_0.png,1,0.3092259168624878,1,0.7717899057455531,0,1,490.62841796875,929.8541870117188,518.199462890625,934.8810424804688
risid_20221123103133.flv20221123103133_000510_6_0.png,2,0.30714547634124756,0,0.0,-1,1,490.82330322265625,929.8250732421875,516.8418579101562,935.1253662109375
risid_20221123103133.flv20221123103133_000520_6_0.png,1,0.7410967946052551,1,0.8540562616580692,0,1,820.8726806640625,725.481201171875,850.1927490234375,736.2232666015625
risid_20221123103133.flv20221123103133_000825_6_0.png,1,0.6085192561149597,0,0.0,-1,1,204.60379028320312,663.8814697265625,217.81668090820312,680.776611328125
risid_20221123103133.flv20221123103133_000825_6_0.png,2,0.2725991904735565,0,0.4483505659926101,-1,1,216.73202514648438,858.7859497070312,237.40396118164062,880.3319091796875
risid_20221123103659.flv20221123103659_002225_5_0.png,1,0.8415680527687073,1,0.8546422132512481,0,1,44.589195251464844,462.21044921875,66.23238372802734,487.8697814941406
risid_20221123103659.flv20221123103659_002270_5_0.png,1,0.8020585179328918,1,0.826046400510416,0,1,342.8183288574219,0.3360893130302429,366.5662841796875,16.192245483398438
risid_20221123103711.flv20221123103711_000825_1_0.png,1,0.8424575924873352,1,0.944779532920447,0,1,248.03451538085938,428.4215393066406,289.54693603515625,448.5777893066406
risid_20221123103711.flv20221123103711_000840_1_0.png,1,0.8202258944511414,1,0.8517228243584212,0,1,229.6824493408203,13.871719360351562,269.3247985839844,27.79010009765625
risid_20221123104237.flv20221123104237_001330_4_0.png,1,0.6872009634971619,1,0.6345887783624842,0,1,961.0382690429688,869.16455078125,1008.3448486328125,924.8118896484375
risid_20221123104237.flv20221123104237_001340_4_0.png,1,0.8294949531555176,1,0.7652197236518326,0,1,941.4465942382812,748.3151245117188,1000.6354370117188,802.4155883789062
risid_20221123104237.flv20221123104237_002700_6_0.png,1,0.7686886191368103,1,0.8858769052743901,0,1,838.6447143554688,680.0692749023438,871.7322998046875,699.26171875
risid_20221123104237.flv20221123104237_002715_6_0.png,1,0.8759256601333618,1,0.867960247366653,0,1,843.8843994140625,433.2323303222656,876.28076171875,456.1507873535156
risid_20221123104249.flv20221123104249_001140_6_0.png,1,0.5654321312904358,1,0.6195699276373349,0,1,457.72698974609375,226.9374237060547,480.26446533203125,234.29061889648438
risid_20221123104815.flv20221123104815_000370_6_0.png,1,0.6970277428627014,1,0.7067556001282801,0,1,373.26849365234375,887.619140625,393.61163330078125,906.9002075195312
risid_20221123104815.flv20221123104815_000415_6_0.png,1,0.3537999093532562,1,0.6880691231348871,0,1,836.0084228515625,269.1841125488281,872.5972900390625,287.7579650878906
risid_20221123104815.flv20221123104815_000420_6_0.png,1,0.47766202688217163,0,0.32606663150012744,-1,1,424.193359375,154.49954223632812,438.0335998535156,163.6846923828125
risid_20221123104815.flv20221123104815_001080_6_0.png,1,0.8158311247825623,1,0.9052613771637834,0,1,906.0330810546875,433.31744384765625,926.8486328125,467.3878479003906
risid_20221123104815.flv20221123104815_001100_6_0.png,1,0.7691502571105957,1,0.8716195095135026,0,1,472.8250427246094,114.67122650146484,491.9466247558594,141.83360290527344
risid_20221123104815.flv20221123104815_001800_6_0.png,1,0.8593711256980896,1,0.7756686396720298,0,1,112.39945983886719,935.0623168945312,137.3425750732422,956.9036254882812
risid_20221123104815.flv20221123104815_001865_4_0.png,1,0.7449358701705933,1,0.7870395084591932,0,1,205.3867645263672,439.33734130859375,224.191650390625,483.7138671875
risid_20221123104815.flv20221123104815_002075_6_0.png,1,0.8191903829574585,1,0.6225600278775568,0,1,21.477890014648438,455.40460205078125,46.37758255004883,529.1203002929688
risid_20221123104815.flv20221123104815_002120_1_0.png,1,0.7853974103927612,1,0.7774456005524657,0,2,706.8360595703125,437.5615234375,746.2249755859375,451.1710510253906
risid_20221123104815.flv20221123104815_002455_1_0.png,1,0.7702757120132446,1,0.6553587898591282,0,1,684.8887939453125,752.5934448242188,700.6160888671875,793.6974487304688
risid_20221123104815.flv20221123104815_002505_1_0.png,1,0.8080333471298218,1,0.9433276200354499,0,1,149.92845153808594,52.449485778808594,182.56155395507812,79.04566192626953
risid_20221123104827.flv20221123104827_002445_6_0.png,1,0.5065247416496277,0,0.12922238469240077,-1,1,317.31854248046875,519.4415283203125,339.2777099609375,555.2542724609375
risid_20221123104827.flv20221123104827_002445_6_0.png,2,0.39095619320869446,0,0.3566602232491645,-1,1,318.45355224609375,544.0496826171875,335.9735107421875,561.9403076171875
risid_20221123104827.flv20221123104827_002450_6_0.png,1,0.5718465447425842,0,0.3021031069480815,-1,1,722.1077270507812,385.2919921875,741.0973510742188,426.2623596191406
risid_20221123104827.flv20221123104827_002450_6_0.png,2,0.4058179557323456,1,0.507370843741647,0,1,720.9387817382812,395.5682373046875,739.814697265625,430.882568359375
risid_20221123104827.flv20221123104827_002450_6_0.png,3,0.36954328417778015,0,0.0,-1,1,720.9116821289062,406.4405517578125,738.9669799804688,434.56219482421875
risid_20221123104827.flv20221123104827_003265_6_0.png,1,0.7753408551216125,1,0.7905600159980298,0,1,757.0958251953125,575.4440307617188,772.720458984375,593.8540649414062
risid_20221123105353.flv20221123105353_001615_6_0.png,1,0.8631965517997742,1,0.8170951584559646,0,2,306.54962158203125,705.8168334960938,343.75909423828125,747.632568359375
risid_20221123105353.flv20221123105353_001615_6_0.png,2,0.8284628987312317,1,0.8330113132500412,1,2,396.6551208496094,763.7606811523438,417.3355407714844,785.7445678710938
risid_20221123105353.flv20221123105353_003345_6_0.png,1,0.8757268190383911,1,0.9312275287138227,1,2,251.66238403320312,907.6026611328125,269.9028015136719,929.5143432617188
risid_20221123105353.flv20221123105353_003345_6_0.png,2,0.7974451780319214,1,0.7993320535127775,0,2,175.2583770751953,777.5713500976562,195.69271850585938,799.089599609375
risid_20221123105405.flv20221123105405_000735_6_0.png,1,0.676636278629303,1,0.8417607328519275,0,1,610.4732055664062,491.25018310546875,631.2566528320312,501.0496520996094
risid_20221123105405.flv20221123105405_002275_6_0.png,1,0.8867547512054443,1,0.951954201305605,0,2,422.3900451660156,814.4352416992188,452.00579833984375,865.2081909179688
risid_20221123105405.flv20221123105405_002295_6_0.png,1,0.885498583316803,1,0.9239537830477644,2,3,162.32205200195312,831.3779296875,199.87135314941406,861.6829223632812
risid_20221123105405.flv20221123105405_002295_6_0.png,2,0.5781168341636658,1,0.856689404109494,1,3,264.84271240234375,285.98089599609375,291.6675720214844,307.60980224609375
risid_20221123105405.flv20221123105405_002295_6_0.png,3,0.3863998353481293,0,0.0,-1,3,466.6900939941406,499.0653381347656,478.64739990234375,508.3780822753906
risid_20221123105405.flv20221123105405_003185_6_0.png,1,0.6890339255332947,1,0.5489051211173813,0,1,427.83477783203125,643.9459228515625,455.3600158691406,667.7485961914062
risid_20221123105405.flv20221123105405_003335_3_0.png,1,0.8948265910148621,1,0.9302763042934721,0,1,929.7971801757812,956.1653442382812,953.9553833007812,985.6198120117188
risid_20221123105931.flv20221123105931_000805_5_0.png,1,0.7438253164291382,1,0.844772846950999,0,1,189.0247802734375,919.6998291015625,217.4196014404297,946.1568603515625
risid_20221123105931.flv20221123105931_001565_0_0.png,1,0.9200043678283691,1,0.7477811763523057,0,1,748.22705078125,393.37225341796875,801.274658203125,436.7940368652344
risid_20221123105931.flv20221123105931_001775_1_0.png,1,0.8384016752243042,1,0.8650864059280413,0,1,68.4817886352539,840.14404296875,102.70787048339844,860.4288940429688
risid_20221123105931.flv20221123105931_001775_1_0.png,2,0.46086394786834717,0,0.0,-1,1,435.28155517578125,136.8932342529297,445.85626220703125,172.68643188476562
risid_20221123105931.flv20221123105931_002525_5_0.png,1,0.9180840253829956,1,0.9127409670993774,0,1,605.0946655273438,760.968505859375,625.789306640625,795.4475708007812
risid_20221123105931.flv20221123105931_003075_1_0.png,1,0.8027885556221008,1,0.8623168628968567,0,1,411.97479248046875,896.7713623046875,426.9175720214844,932.0894775390625
risid_20221123105944.flv20221123105944_000030_4_0.png,1,0.587593138217926,1,0.7585178667013458,0,1,513.667724609375,353.91180419921875,546.2515869140625,383.421875
risid_20221123105944.flv20221123105944_001430_6_0.png,1,0.7543565630912781,1,0.844549832606094,0,1,725.5344848632812,707.044189453125,752.1539306640625,729.110595703125
risid_20221123105944.flv20221123105944_001565_6_0.png,1,0.8522862792015076,1,0.8416994289524048,0,1,141.6607666015625,962.18212890625,162.73326110839844,979.8360595703125
risid_20221123105944.flv20221123105944_001595_6_0.png,1,0.7059691548347473,1,0.8025489412615462,0,1,754.1683959960938,0.0,769.171630859375,19.366802215576172
risid_20221123105944.flv20221123105944_001845_6_0.png,1,0.8268143534660339,1,0.7869616615762658,0,1,426.7213439941406,313.5616149902344,442.3572692871094,338.2084045410156
risid_20221123105944.flv20221123105944_002835_1_0.png,1,0.8634202480316162,1,0.7871603355036049,0,1,322.8989562988281,413.482421875,351.4353332519531,442.05487060546875
risid_20221123110139.flv20221123110139_000770_6_0.png,1,0.40622231364250183,1,0.7788290043125434,0,1,546.5216064453125,4.645062446594238,559.8626708984375,32.592308044433594
risid_20221123110139.flv20221123110139_000970_1_0.png,1,0.7294147610664368,1,0.8590054697681461,0,1,461.092041015625,901.5892333984375,474.2889099121094,932.06298828125
risid_20221123110510.flv20221123110510_000685_6_0.png,1,0.7174080610275269,1,0.850518190817135,0,1,496.37890625,809.2586059570312,519.650146484375,829.2238159179688
risid_20221123110510.flv20221123110510_000685_6_0.png,2,0.4941815435886383,0,0.0,-1,1,496.32891845703125,808.380615234375,519.862060546875,828.7349853515625
risid_20221123110510.flv20221123110510_000695_6_0.png,1,0.8752231001853943,1,0.833942132700866,0,1,658.8179931640625,658.9595336914062,682.0690307617188,675.390380859375
risid_20221123110510.flv20221123110510_000750_6_0.png,1,0.8700460195541382,1,0.7566566909402105,0,1,877.3103637695312,350.72235107421875,894.4201049804688,388.4535827636719
risid_20221123110510.flv20221123110510_000775_1_0.png,1,0.7478185296058655,1,0.8909584046034956,0,1,355.11053466796875,420.3084411621094,398.2934265136719,458.0679626464844
risid_20221123110510.flv20221123110510_002115_6_0.png,1,0.8953810334205627,1,0.9134702538719979,0,1,248.3665313720703,108.53074645996094,280.1856994628906,135.07388305664062
risid_20221123110510.flv20221123110510_002190_6_0.png,1,0.7069197297096252,1,0.7295056996294587,0,1,0.0,761.0487670898438,10.508502960205078,788.224853515625
risid_20221123110510.flv20221123110510_002205_6_0.png,1,0.7084203362464905,1,0.7403282391073688,0,1,237.9580078125,412.1940002441406,254.14352416992188,444.1858825683594
risid_20221123111048.flv20221123111048_000205_6_0.png,1,0.731151819229126,1,0.8112312763150592,0,1,998.3699951171875,269.6239013671875,1015.4075317382812,293.7067565917969
risid_20221123111048.flv20221123111048_000650_6_0.png,1,0.4236809313297272,1,0.8321899278823945,0,1,439.8475646972656,615.7191162109375,456.778076171875,629.24169921875
risid_20221123111048.flv20221123111048_000875_6_0.png,1,0.42061519622802734,1,0.6865263464605441,0,1,477.2060546875,934.9207763671875,490.19598388671875,954.0306396484375
risid_20221123111048.flv20221123111048_000905_6_0.png,1,0.7197259664535522,1,0.7551346411687644,0,1,800.5670776367188,477.42425537109375,827.0408325195312,502.8548889160156
risid_20221123111048.flv20221123111048_000910_6_0.png,1,0.7732161283493042,1,0.820512867655343,0,1,503.49444580078125,324.40423583984375,528.6306762695312,351.7539367675781
risid_20221123111048.flv20221123111048_001975_6_0.png,1,0.8392565846443176,1,0.8254019399316855,0,1,486.6778259277344,818.15185546875,503.2926330566406,841.1292724609375
risid_20221123111048.flv20221123111048_001990_6_0.png,1,0.555910050868988,1,0.7716050748702106,0,1,395.387451171875,468.5643615722656,417.98651123046875,500.4137268066406
risid_20221123111048.flv20221123111048_001990_6_0.png,2,0.38379207253456116,0,0.0,-1,1,397.3295593261719,480.3046875,417.92864990234375,503.3492126464844
risid_20221123111048.flv20221123111048_002260_6_0.png,1,0.8799696564674377,1,0.7660742996779771,0,1,365.2974853515625,750.8349609375,386.7516174316406,772.8052978515625
risid_20221123111102.flv20221123111102_000670_0_0.png,1,0.36781907081604004,1,0.9557380372934643,0,1,598.3255615234375,852.0570068359375,634.6126708984375,876.3138427734375
risid_20221123111102.flv20221123111102_001120_6_0.png,1,0.8750455975532532,1,0.9233633123564807,0,1,831.1768798828125,927.3972778320312,848.6593627929688,951.4436645507812
risid_20221123111102.flv20221123111102_002725_6_0.png,1,0.6190909743309021,1,0.7423521045200624,0,1,746.8389892578125,977.8494262695312,756.2633666992188,997.8095703125
risid_20221123111102.flv20221123111102_002725_6_0.png,2,0.27130234241485596,0,0.0,-1,1,746.6388549804688,975.935546875,756.2242431640625,996.7225341796875
risid_20221123111102.flv20221123111102_002740_6_0.png,1,0.637574315071106,1,0.8002756417095515,0,2,441.37091064453125,601.0029907226562,461.144775390625,622.6515502929688
risid_20221123111626.flv20221123111626_000410_6_0.png,1,0.8879432678222656,1,0.9218535658171407,0,1,871.4056396484375,809.6163940429688,905.4353637695312,832.4317626953125
risid_20221123111626.flv20221123111626_000435_6_0.png,1,0.9001592993736267,1,0.8490319407092312,0,1,341.25152587890625,291.37982177734375,369.5152587890625,331.78753662109375
risid_20221123111626.flv20221123111626_002070_6_0.png,1,0.5172864198684692,0,0.43494227982145073,-1,1,808.8167114257812,815.8336181640625,819.7599487304688,834.1721801757812
risid_20221123111626.flv20221123111626_002070_6_0.png,2,0.5048162937164307,1,0.8038033462639144,0,1,805.842041015625,802.804443359375,819.66552734375,830.97265625
risid_20221123111626.flv20221123111626_002100_6_0.png,1,0.530296802520752,0,0.2401436211627927,-1,1,411.2286682128906,284.03533935546875,421.1571350097656,296.12274169921875
risid_20221123111626.flv20221123111626_002110_6_0.png,1,0.5638020634651184,0,0.31508151550254343,-1,1,758.43212890625,111.8897933959961,772.802490234375,122.2598648071289
risid_20221123111626.flv20221123111626_002110_6_0.png,2,0.2909245491027832,0,0.4722147321181828,-1,1,755.9857788085938,107.97236633300781,772.92724609375,120.88575744628906
risid_20221123111642.flv20221123111642_000340_6_0.png,1,0.8528876304626465,1,0.9225203057641281,0,2,379.72418212890625,269.11480712890625,401.7881774902344,291.7300720214844
risid_20221123111642.flv20221123111642_000340_6_0.png,2,0.5397832989692688,1,0.6514344562172647,1,2,456.8765563964844,298.198486328125,475.5565490722656,315.6670227050781
risid_20221123111642.flv20221123111642_001195_6_0.png,1,0.279297411441803,1,0.8476306721528323,0,1,613.1763305664062,903.01904296875,620.4967041015625,913.0960693359375
risid_20221123111642.flv20221123111642_001195_6_0.png,2,0.2624615430831909,0,0.0,-1,1,613.5801391601562,902.2744140625,620.8435668945312,912.7677612304688
risid_20221123111642.flv20221123111642_001750_6_0.png,1,0.28800249099731445,1,0.5944748602948844,0,1,114.31485748291016,984.5779418945312,137.60992431640625,994.58349609375
risid_20221123111642.flv20221123111642_001750_6_0.png,2,0.25528424978256226,0,0.0,-1,1,218.23721313476562,483.94390869140625,227.9456787109375,497.53240966796875
risid_20221123111642.flv20221123111642_001940_6_0.png,1,0.8578606843948364,1,0.742444491712778,0,1,580.2217407226562,60.36345672607422,592.5496826171875,84.13093566894531
risid_20221123112204.flv20221123112204_000850_6_0.png,1,0.8678529858589172,1,0.8352012991957739,0,1,83.21760559082031,868.6736450195312,117.00672912597656,894.35009765625
risid_20221123112204.flv20221123112204_000875_6_0.png,1,0.8393467664718628,1,0.84121255067346,0,1,366.8057861328125,360.96124267578125,393.88568115234375,402.05157470703125
risid_20221123112204.flv20221123112204_000885_6_0.png,1,0.5727078914642334,1,0.8588898547315695,0,1,684.47705078125,197.41586303710938,698.4790649414062,239.6485595703125
risid_20221123112204.flv20221123112204_000885_6_0.png,2,0.27135780453681946,0,0.0,-1,1,685.2633056640625,197.47872924804688,699.5573120117188,238.9890594482422
risid_20221123112204.flv20221123112204_001695_6_0.png,1,0.854665994644165,1,0.8800675685899261,0,1,835.6297607421875,416.42401123046875,860.8351440429688,446.3160095214844
risid_20221123112222.flv20221123112222_002365_6_0.png,1,0.5059112310409546,1,0.7671371282268258,0,1,338.5311279296875,624.620849609375,351.86859130859375,640.4393920898438
risid_20221123112742.flv20221123112742_000840_6_0.png,1,0.5855186581611633,1,0.6116115353541304,0,1,294.7548828125,1008.1395263671875,309.93109130859375,1023.6153564453125
risid_20221123112742.flv20221123112742_000850_6_0.png,1,0.778095006942749,1,0.7947614882179962,0,1,954.2236328125,904.2669677734375,969.3118896484375,923.6740112304688
risid_20221123112742.flv20221123112742_000875_6_0.png,1,0.8661268949508667,1,0.9333507852503163,0,2,858.0958251953125,417.0445251464844,872.1800537109375,441.0674743652344
risid_20221123112742.flv20221123112742_000915_5_0.png,1,0.5280856490135193,1,0.7093958363405021,0,1,842.9354248046875,449.43017578125,851.7838134765625,477.07275390625
risid_20221123112802.flv20221123112802_000160_6_0.png,1,0.8424729704856873,1,0.936182094920693,0,1,135.5674285888672,340.788818359375,153.99298095703125,363.8908386230469
risid_20221123112802.flv20221123112802_000165_6_0.png,1,0.7533842921257019,1,0.9101333097838133,0,1,158.9496612548828,79.80146026611328,177.72433471679688,100.24943542480469
risid_20221123112802.flv20221123112802_000285_6_0.png,1,0.8366779088973999,1,0.9187883192356523,0,1,731.8068237304688,231.29727172851562,754.48388671875,263.9266357421875
risid_20221123113320.flv20221123113320_000690_6_0.png,1,0.8176820278167725,1,0.9000905991643482,0,1,858.6181640625,985.6583862304688,876.9803466796875,1004.8947143554688
risid_20221123113320.flv20221123113320_000730_6_0.png,1,0.8204394578933716,1,0.8979765550840854,0,1,717.8011474609375,407.3087463378906,740.4860229492188,421.6192321777344
risid_20221123113340.flv20221123113340_000745_6_0.png,1,0.8567125201225281,1,0.7675399958269911,0,1,462.6263732910156,811.6972045898438,475.64105224609375,829.4776611328125
risid_20221123113340.flv20221123113340_001280_5_0.png,1,0.650999128818512,0,0.47921650898830365,-1,1,420.67822265625,792.3866577148438,445.35546875,826.7569580078125
risid_20221123113340.flv20221123113340_001320_2_0.png,1,0.8904867768287659,1,0.930015412903075,0,1,231.86221313476562,227.7066650390625,263.6187744140625,263.98309326171875
risid_20221123113858.flv20221123113858_001585_6_0.png,1,0.6586630940437317,1,0.7647343759380117,0,1,604.2277221679688,449.14349365234375,628.4934692382812,481.8011169433594
risid_20221123113918.flv20221123113918_001130_6_0.png,1,0.7207658886909485,1,0.6202898065630709,0,1,378.489501953125,259.0089111328125,401.8094482421875,282.1608581542969
risid_20221123113918.flv20221123113918_002715_1_0.png,1,0.8397888541221619,1,0.7731037387151186,0,1,217.0995635986328,208.6932373046875,235.28890991210938,248.1777801513672
risid_20221123114458.flv20221123114458_003345_6_0.png,1,0.8708541393280029,1,0.770413168253718,0,1,898.3604736328125,802.1921997070312,906.4613037109375,823.65478515625
risid_20221123114458.flv20221123114458_003360_6_0.png,1,0.8758679032325745,1,0.7996632471837167,0,1,320.26348876953125,253.72647094726562,340.23419189453125,266.63372802734375
risid_20221123114458.flv20221123114458_003365_6_0.png,1,0.837395191192627,1,0.8494160922539847,0,1,418.89068603515625,79.67755126953125,439.253173828125,90.58366394042969
risid_20221123115014.flv20221123115014_000625_6_0.png,1,0.8870387077331543,1,0.9139415062177219,0,1,139.927490234375,568.325439453125,159.02700805664062,592.6786499023438
risid_20221123115014.flv20221123115014_000635_6_0.png,1,0.8784241676330566,1,0.934938870153678,0,1,397.2169189453125,420.38092041015625,415.64202880859375,444.7027282714844
risid_20221123115014.flv20221123115014_000640_6_0.png,1,0.7840278744697571,1,0.9118056747417752,0,1,251.49166870117188,346.79925537109375,270.56158447265625,370.4036560058594
risid_20221123115014.flv20221123115014_001620_6_0.png,1,0.8684715032577515,1,0.7618360423196443,0,1,192.9662628173828,940.9129638671875,206.4810028076172,957.6184692382812
risid_20221123115014.flv20221123115014_001675_6_0.png,1,0.8484012484550476,1,0.9070565642800805,0,1,58.49445724487305,244.42276000976562,77.33778381347656,260.5613708496094
risid_20221123115014.flv20221123115014_002000_5_0.png,1,0.8864381313323975,1,0.8360934842610266,0,1,620.2598876953125,930.84033203125,648.8971557617188,957.06201171875
risid_20221123115036.flv20221123115036_002660_6_0.png,1,0.6781049966812134,1,0.8760740795671794,0,1,927.67822265625,955.2652587890625,943.0064697265625,965.80126953125
risid_20221123115036.flv20221123115036_002675_6_0.png,1,0.6899228692054749,1,0.7937789811705577,0,1,661.6197509765625,440.8811950683594,677.0800170898438,451.685302734375
risid_20221123115036.flv20221123115036_002720_6_0.png,1,0.8970267176628113,1,0.9310530802680723,0,1,451.50860595703125,777.164794921875,480.3863830566406,794.9866943359375
risid_20221123115036.flv20221123115036_002725_6_0.png,1,0.8972439169883728,1,0.9293245411579125,0,1,386.8035888671875,596.6350708007812,414.60687255859375,620.6387939453125
risid_20221123115614.flv20221123115614_003375_2_0.png,1,0.591418981552124,1,0.9114056780194274,0,1,657.7947998046875,877.3153076171875,669.1525268554688,897.65771484375
risid_20221123120131.flv20221123120131_002315_6_0.png,1,0.4821513593196869,1,0.8186538203030902,0,1,298.0318298339844,954.8642578125,308.15985107421875,965.2606201171875
risid_20221123120131.flv20221123120131_002340_6_0.png,1,0.8263209462165833,1,0.7685488491528052,0,1,332.87384033203125,720.4524536132812,343.07647705078125,733.29248046875
risid_20221123120131.flv20221123120131_002395_6_0.png,1,0.7182132005691528,1,0.8531825357288821,0,1,444.96905517578125,188.4998779296875,455.41693115234375,201.71298217773438
risid_20221123120709.flv20221123120709_001735_6_0.png,1,0.8742811679840088,1,0.7486561641038588,0,1,367.48150634765625,581.8201904296875,405.8542785644531,603.0501708984375
risid_20221123120709.flv20221123120709_001765_6_0.png,1,0.8466091156005859,1,0.8551496328068092,0,1,491.9764099121094,326.3935546875,531.7474365234375,345.64544677734375
risid_20221123120709.flv20221123120709_001770_6_0.png,1,0.8531105518341064,1,0.8739019696445234,0,1,902.9599609375,275.9826965332031,942.7745971679688,295.20831298828125
risid_20221123120709.flv20221123120709_001795_6_0.png,1,0.6777639389038086,1,0.794489683055538,0,1,218.10537719726562,54.1687126159668,249.99716186523438,70.25469970703125
risid_20221123120732.flv20221123120732_001635_1_0.png,1,0.6477895379066467,1,0.7925499486981931,0,1,907.05859375,671.2657470703125,935.7923583984375,714.1486206054688
risid_20221123121852.flv20221123121852_000225_6_0.png,1,0.711356520652771,1,0.8174054766702971,0,1,85.56395721435547,490.59979248046875,105.70579528808594,511.60687255859375
risid_20221123122941.flv20221123122941_001800_5_0.png,1,0.27771010994911194,0,0.3902497006995517,-1,1,862.0657348632812,979.88916015625,873.4837036132812,993.3785400390625
risid_20221123122941.flv20221123122941_002925_6_0.png,1,0.617662250995636,1,0.8275493490955766,0,1,231.25790405273438,372.7544860839844,239.4391632080078,400.81597900390625
risid_20221123123013.flv20221123123013_001140_6_0.png,1,0.9066781401634216,1,0.9104799421359769,0,1,930.1077880859375,90.63206481933594,957.3728637695312,107.40312194824219
risid_20221123124131.flv20221123124131_001810_6_0.png,1,0.2724345624446869,1,0.5845728808255044,0,1,910.63671875,384.75042724609375,925.6494140625,406.94903564453125
risid_20221123124131.flv20221123124131_001815_6_0.png,1,0.252522736787796,0,0.291236833235869,-1,1,869.7545166015625,265.16888427734375,881.8436279296875,295.35870361328125
risid_20221123133719.flv20221123133719_003315_6_0.png,1,0.8406508564949036,1,0.7167778640662188,0,1,721.017578125,976.7726440429688,747.1141357421875,1007.8116455078125
risid_20221123133719.flv20221123133719_003325_6_0.png,1,0.8686510920524597,1,0.846321649961108,0,1,209.13388061523438,919.4459838867188,238.0222625732422,949.9068603515625
risid_20221123133719.flv20221123133719_003355_6_0.png,1,0.8145865201950073,1,0.8931957503999122,0,1,353.6997375488281,760.8052978515625,378.09112548828125,801.6103515625
risid_20221123134257.flv20221123134257_000050_6_0.png,1,0.6994948983192444,1,0.7621442692473236,0,1,191.30508422851562,346.2341613769531,206.2237548828125,387.50775146484375
risid_20221123134335.flv20221123134335_001635_6_0.png,1,0.8231053948402405,1,0.7679728656671856,0,1,607.8726196289062,858.1824951171875,626.9205322265625,872.6788330078125
risid_20221123134335.flv20221123134335_001655_6_0.png,1,0.8051198124885559,1,0.8470489354056705,0,1,768.5521850585938,428.83721923828125,780.8045043945312,451.9488220214844
risid_20221123134835.flv20221123134835_000210_6_0.png,1,0.8776394724845886,1,0.932181893573613,0,2,301.57159423828125,941.7491455078125,327.8134765625,966.7610473632812
risid_20221123134835.flv20221123134835_000210_6_0.png,2,0.5827910304069519,1,0.73319161656639,1,2,541.9838256835938,327.7669982910156,560.6190185546875,355.7027282714844
risid_20221123134835.flv20221123134835_000280_6_0.png,1,0.7587609887123108,1,0.6694586957905918,0,1,999.5958251953125,620.716552734375,1019.1207275390625,655.0692749023438
risid_20221123134835.flv20221123134835_000335_6_0.png,1,0.6240354776382446,1,0.9195226458543831,0,1,226.1418914794922,229.3602294921875,250.38070678710938,257.77435302734375
risid_20221123134835.flv20221123134835_000335_6_0.png,2,0.29903265833854675,0,0.0,-1,1,226.5712890625,229.27780151367188,250.9803466796875,257.9010009765625
risid_20221123134835.flv20221123134835_000360_6_0.png,1,0.49179187417030334,1,0.8500597960493732,0,1,282.5762023925781,140.83531188964844,306.950439453125,167.90965270996094
risid_20221123134835.flv20221123134835_001810_5_0.png,1,0.7421714663505554,1,0.5391976358870113,0,1,64.50988006591797,998.3507080078125,87.69071960449219,1022.1568603515625
risid_20221123134835.flv20221123134835_002010_5_0.png,1,0.8207921981811523,1,0.8374297827767271,0,1,206.7418975830078,120.11012268066406,228.43521118164062,152.35707092285156
risid_20221123134835.flv20221123134835_002015_5_0.png,1,0.8972007632255554,1,0.8963083271240212,0,1,75.53819274902344,70.31910705566406,98.5311050415039,101.57430267333984
risid_20221123134835.flv20221123134835_002020_5_0.png,1,0.8894554972648621,1,0.9188882696827227,0,1,210.2106170654297,81.36506652832031,232.49755859375,112.0483627319336
risid_20221123135952.flv20221123135952_001945_6_0.png,1,0.5768623948097229,0,0.4038011333926292,-1,1,662.9532470703125,858.650390625,684.4498291015625,877.0260620117188
risid_20221123135952.flv20221123135952_002005_6_0.png,1,0.857681930065155,1,0.8959161906745627,0,1,838.3175048828125,422.0630798339844,861.0599365234375,439.668701171875
risid_20221123140139.flv20221123140139_000795_0_0.png,1,0.7399728894233704,1,0.9058221402214134,0,1,307.2098083496094,740.18408203125,323.713623046875,759.1529541015625
risid_20221123140139.flv20221123140139_000810_6_0.png,1,0.8313900232315063,1,0.7268436131480398,0,1,316.47216796875,411.1142578125,334.4533996582031,429.27886962890625
risid_20221123140608.flv20221123140608_001930_6_0.png,1,0.8720760941505432,1,0.8830306032851012,0,1,107.48663330078125,634.3243408203125,126.42510986328125,665.7166137695312
risid_20221123141724.flv20221123141724_002140_6_0.png,1,0.6879749894142151,1,0.7021001572942609,0,1,452.49835205078125,359.0185241699219,468.10479736328125,379.575439453125
risid_20221123141724.flv20221123141724_002150_6_0.png,1,0.3831080198287964,1,0.6548683908787761,0,1,727.349609375,201.7344970703125,740.4197998046875,211.3485870361328
risid_20221123141724.flv20221123141724_003350_4_0.png,1,0.8950477838516235,1,0.9290576926991505,0,1,397.18756103515625,753.2904052734375,431.43121337890625,808.1843872070312
risid_20221123142802.flv20221123142802_001275_5_0.png,1,0.820996105670929,1,0.8989306990515984,0,1,382.33099365234375,86.05499267578125,403.8693542480469,141.71339416503906
risid_20221123142802.flv20221123142802_002685_5_0.png,1,0.7012702226638794,1,0.8176512336039167,0,1,603.9288330078125,788.8694458007812,619.702880859375,816.9573364257812
risid_20221123142802.flv20221123142802_002715_5_0.png,1,0.728482723236084,1,0.8179725401734507,0,1,600.9447021484375,479.9164123535156,615.5086669921875,511.7828063964844
risid_20221123142802.flv20221123142802_002735_5_0.png,1,0.7592336535453796,1,0.7156000726810474,0,1,527.7713012695312,218.7998046875,536.5616455078125,249.95779418945312
risid_20221123142802.flv20221123142802_002755_5_0.png,1,0.7771081328392029,1,0.7184622743010771,0,1,718.64453125,57.427223205566406,732.5526123046875,78.68517303466797
risid_20221123143153.flv20221123143153_000240_6_0.png,1,0.7211207151412964,1,0.7999593081227755,0,1,466.9207458496094,426.80743408203125,483.0704040527344,450.2381896972656
risid_20221123143340.flv20221123143340_002165_5_0.png,1,0.7863426208496094,1,0.9097022854256029,0,1,415.16253662109375,654.60595703125,438.10968017578125,690.0525512695312
risid_20221123143919.flv20221123143919_002170_1_0.png,1,0.7427858710289001,1,0.8263226731671924,0,1,914.1573486328125,0.0,939.5694580078125,28.020336151123047
risid_20221123143919.flv20221123143919_002560_5_0.png,1,0.6755860447883606,1,0.7566259837537357,0,1,725.4378051757812,235.92300415039062,741.5860595703125,248.4402313232422
risid_20221123144457.flv20221123144457_001060_5_0.png,1,0.6410356760025024,1,0.8136299071342504,0,1,370.4981689453125,452.4989318847656,396.3918762207031,475.66717529296875
risid_20221123144457.flv20221123144457_001090_5_0.png,1,0.6818462014198303,1,0.6587675812728969,0,1,586.1849365234375,103.88582611083984,604.9482421875,123.06053161621094
risid_20221123144534.flv20221123144534_003375_6_0.png,1,0.6447283029556274,1,0.7490066056363999,0,1,515.1259155273438,193.23521423339844,532.3458251953125,214.2751922607422
risid_20221123145613.flv20221123145613_002795_5_0.png,1,0.8666123151779175,1,0.8498765757541198,0,1,756.6190185546875,473.8290100097656,774.3804931640625,539.2103271484375
risid_20221123145655.flv20221123145655_000160_6_0.png,1,0.6477094292640686,1,0.8282295452972634,0,1,706.61279296875,221.93276977539062,718.29052734375,238.1824188232422
risid_20221123145655.flv20221123145655_003110_6_0.png,1,0.8131072521209717,1,0.8737213864576945,0,1,281.1884460449219,196.8334503173828,296.0858459472656,216.34487915039062
risid_20221123150729.flv20221123150729_000305_6_0.png,1,0.7237530946731567,1,0.5664888615816631,0,1,182.49673461914062,920.0841674804688,200.44918823242188,941.8151245117188
risid_20221123150729.flv20221123150729_000310_6_0.png,1,0.8291465044021606,1,0.5385986060825473,0,1,650.1085205078125,871.1754760742188,667.9803466796875,895.4845581054688
risid_20221123150729.flv20221123150729_000320_6_0.png,1,0.8544946312904358,1,0.6208320740509035,0,1,411.009521484375,762.4886474609375,428.74639892578125,790.1880493164062
risid_20221123150729.flv20221123150729_000345_6_0.png,1,0.8272930383682251,1,0.7640456904872102,0,1,772.0484619140625,529.0144653320312,784.9425659179688,553.3861083984375
risid_20221123152424.flv20221123152424_003100_5_0.png,1,0.5014997720718384,1,0.7354979840235771,0,1,550.3758544921875,956.8016357421875,587.3951416015625,1004.6266479492188
risid_2110260600-01_001446_3_0.png,1,0.4261202812194824,1,0.7226281595634864,0,2,320.9367370605469,920.7257080078125,340.0945129394531,939.08251953125
risid_2110260930_000684_6_0.png,1,0.854402482509613,1,0.8959506644257046,0,1,289.558837890625,287.8535461425781,310.14739990234375,312.58636474609375
risid_2110260930_000714_6_0.png,1,0.861750602722168,1,0.7769725254982928,0,1,62.01448440551758,257.43048095703125,82.12114715576172,281.5985107421875
risid_2110260930_000714_6_0.png,2,0.3428966701030731,0,0.0,-1,1,823.3455200195312,693.2205810546875,907.3255004882812,767.2193603515625
risid_2110260930_000870_6_0.png,1,0.7944469451904297,1,0.8525162336851666,0,1,593.2398071289062,190.32444763183594,613.9573974609375,212.94894409179688
risid_2110262330_000282_3_0.png,1,0.9099177122116089,1,0.9223160743894374,0,1,164.18527221679688,334.99169921875,197.37078857421875,372.6544189453125
risid_MAH00261_11CentreTrim_000330_6_0.png,1,0.7125979065895081,1,0.8279803837121026,0,1,697.8186645507812,732.6061401367188,716.9615478515625,747.2776489257812
risid_MAH00261_11CentreTrim_001674_6_0.png,1,0.5036154985427856,1,0.9151998650369791,0,1,619.4817504882812,234.91845703125,643.6859130859375,257.1476135253906
risid_MAH00261_11CentreTrim_001674_6_0.png,2,0.32054194808006287,0,0.0,-1,1,631.9483642578125,234.859375,656.0648193359375,257.3899841308594
risid_MAH00265_11LeftTrim_001092_5_0.png,1,0.6213439702987671,1,0.9110876116979191,0,1,703.2311401367188,810.5250244140625,729.8273315429688,831.3870849609375
risid_MAH00265_11LeftTrim_001116_5_0.png,1,0.45943114161491394,1,0.8902612498048772,0,1,766.3082885742188,767.4298095703125,793.6583251953125,788.3460693359375
risid_MAH00265_11LeftTrim_001164_5_0.png,1,0.4973030984401703,1,0.7102828453514631,0,1,681.2922973632812,568.1946411132812,708.77978515625,587.2254638671875
risid_MAH00265_11LeftTrim_001200_5_0.png,1,0.5558508634567261,1,0.7854782934103294,0,1,918.6898193359375,411.9320373535156,945.3248901367188,430.890380859375
risid_MAH00265_11LeftTrim_001200_5_0.png,2,0.4516373872756958,0,0.0,-1,1,932.4212036132812,411.3655700683594,959.8231201171875,431.04754638671875
risid_MAH00265_11LeftTrim_001236_5_0.png,1,0.4940127432346344,1,0.8594203543434672,0,1,459.161865234375,253.8490753173828,487.81719970703125,274.302734375
risid_MAH00265_11LeftTrim_001236_5_0.png,2,0.39512327313423157,0,0.0,-1,1,474.923583984375,253.8756866455078,504.09442138671875,274.9959411621094
risid_MAH00265_11LeftTrim_001260_5_0.png,1,0.781410276889801,1,0.8887698699037156,0,1,411.73883056640625,146.18325805664062,441.8480529785156,167.24008178710938
risid_MAH00265_11LeftTrim_001428_6_0.png,1,0.3418511152267456,1,0.9305795212298893,0,1,988.87109375,938.2139892578125,1009.6277465820312,959.4337158203125
risid_MAH00265_11LeftTrim_001428_6_0.png,2,0.26126042008399963,0,0.0,-1,1,990.9796142578125,938.2532348632812,1013.1593627929688,959.3162231445312
risid_wlgcam1_20220621073645_video_000654_5_0.png,1,0.9542789459228516,1,0.9258050702666247,0,1,306.30291748046875,214.5986785888672,391.03289794921875,299.0995178222656
risid_wlgcam1_20220621073645_video_001428_1_0.png,1,0.875532865524292,1,0.8013085587398746,0,1,451.914306640625,49.463783264160156,515.77734375,92.61566925048828
risid_wlgcam1_20220621115847_video_000360_1_0.png,1,0.8564924597740173,1,0.9351764723062708,0,1,295.2383117675781,181.00735473632812,388.6352844238281,240.3436279296875
risid_wlgcam1_20220621115847_video_000420_1_0.png,1,0.9701982736587524,1,0.8991919722033832,0,1,590.1317749023438,646.4253540039062,663.836181640625,746.3096923828125
risid_wlgcam1_20220621120643_video_000618_1_0.png,1,0.935364842414856,1,0.939549347209439,0,1,69.6133804321289,149.9745330810547,148.3196258544922,236.8420867919922
risid_wlgcam1_20220704075645_video_000312_5_0.png,1,0.9255514740943909,1,0.8284255574780474,0,1,906.5222778320312,0.0,1024.0,132.1271514892578
risid_wlgcam2_20190823121000_video_000378_4_0.png,1,0.901784360408783,1,0.939774275276116,0,1,602.6139526367188,394.2938232421875,677.8314819335938,436.99200439453125
risid_wlgcam2_20190823121000_video_000396_4_0.png,1,0.7939768433570862,1,0.8672119947830377,0,1,554.9627075195312,200.42437744140625,626.7486572265625,240.9086456298828
risid_wlgcam2_20190823121000_video_000396_4_0.png,2,0.3972044587135315,0,0.0,-1,1,554.2188110351562,199.26954650878906,626.7650146484375,239.2158203125
risid_wlgcam2_20190823121000_video_000438_3_0.png,1,0.571755588054657,1,0.9364121740275768,0,1,932.9959716796875,539.78271484375,980.4332885742188,593.6312255859375
risid_wlgcam2_20190823121000_video_000456_3_0.png,1,0.6538618206977844,1,0.6779336049866213,0,1,989.2770385742188,427.032958984375,1015.6483154296875,479.5625
risid_wlgcam2_20190823121000_video_000456_3_0.png,2,0.3714732825756073,0,0.0,-1,1,987.7919921875,424.8033752441406,1023.9708862304688,476.5985412597656
risid_wlgcam2_20190823121000_video_000486_3_0.png,1,0.8853352069854736,1,0.9449052798848675,0,1,814.0983276367188,162.77456665039062,859.4847412109375,200.40640258789062
risid_wlgcam2_20190823121000_video_000492_3_0.png,1,0.9021971821784973,1,0.8995001475874229,0,1,792.2504272460938,113.88923645019531,836.7312622070312,148.22067260742188
risid_wlgcam2_20200216070000_video_000204_4_0.png,1,0.857994794845581,1,0.9102935713981904,1,2,607.4515380859375,89.2147445678711,667.5858154296875,134.70797729492188
risid_wlgcam2_20200216070000_video_000204_4_0.png,2,0.273176908493042,1,0.9389516491921289,0,2,669.9962768554688,0.9884842038154602,711.802001953125,35.21142578125
risid_wlgcam2_20200216070000_video_000276_1_0.png,1,0.6704716086387634,1,0.9001960738629382,0,2,934.8443603515625,514.8133544921875,954.7587890625,559.5657348632812
risid_wlgcam2_20200216070000_video_000324_1_0.png,1,0.7813876271247864,1,0.693490648942751,0,1,773.6109619140625,46.38892364501953,800.4503173828125,76.677001953125
risid_wlgcam2_20200216070000_video_000360_6_0.png,1,0.30146417021751404,1,0.5313818411508228,0,1,824.0886840820312,816.6310424804688,864.4212036132812,849.8504638671875
risid_wlgcam2_20200216070000_video_000360_6_0.png,2,0.2696992754936218,0,0.0,-1,1,300.90521240234375,948.9328002929688,378.2291564941406,1005.6121826171875
risid_wlgcam2_20200216070000_video_000654_1_0.png,1,0.31104183197021484,1,0.8347730379652871,0,1,887.2008056640625,192.37576293945312,902.8385009765625,217.6317596435547
risid_wlgcam2_20200216070000_video_000822_1_0.png,1,0.7159327268600464,1,0.7587117964628831,0,1,966.2350463867188,692.1340942382812,984.7511596679688,723.382568359375
risid_wlgcam2_20200216070000_video_000834_1_0.png,1,0.667180061340332,1,0.9091565850056065,0,1,961.2933349609375,570.9814453125,980.0252075195312,604.9080810546875
risid_wlgcam2_20200216070000_video_000846_1_0.png,1,0.7369722127914429,1,0.8700353332315472,0,1,947.6202392578125,499.9732360839844,966.6036987304688,532.1332397460938
risid_wlgcam2_20200216070000_video_000876_1_0.png,1,0.6362669467926025,1,0.9239526929167404,0,2,987.1788940429688,687.5281372070312,1002.94140625,716.8124389648438
risid_wlgcam2_20200216070000_video_000876_1_0.png,2,0.29400116205215454,1,0.8898744489037687,1,2,879.22802734375,212.52651977539062,902.8215942382812,242.35107421875
risid_wlgcam2_20200216071002_video_000108_1_0.png,1,0.7690826058387756,1,0.9086268292512156,0,1,945.2058715820312,326.5893859863281,968.4400634765625,357.09686279296875
risid_wlgcam2_20200216071002_video_000204_4_0.png,1,0.8601104021072388,1,0.9186344103046825,0,1,878.4592895507812,171.86740112304688,928.4929809570312,238.6353759765625
risid_wlgcam2_20200216071002_video_000210_4_0.png,1,0.7626644372940063,1,0.9543206472730619,0,1,858.4469604492188,117.92216491699219,905.7703857421875,180.7227783203125
risid_wlgcam2_20200216071002_video_000210_4_0.png,2,0.7277535200119019,0,0.0,-1,1,859.8856201171875,118.42225646972656,905.9900512695312,180.89956665039062
risid_wlgcam2_20200216072001_video_000360_6_0.png,1,0.5125478506088257,1,0.8227031346348816,0,1,94.42311096191406,599.1541137695312,123.8025894165039,625.2548217773438
risid_wlgcam2_20200216072001_video_000390_6_0.png,1,0.6639805436134338,1,0.6990851934566976,0,1,417.3749084472656,199.37283325195312,442.8230895996094,221.09207153320312
risid_wlgcam2_20200216072001_video_000486_4_0.png,1,0.9144848585128784,1,0.9339567903428049,0,1,693.3443603515625,393.1478576660156,758.1146240234375,476.05963134765625
risid_wlgcam2_20200901070001_video_000108_1_0.png,1,0.6334019899368286,1,0.7776163923080467,0,1,658.2257690429688,580.6130981445312,684.71826171875,630.3248291015625
risid_wlgcam2_20200901071001_video_000336_7_0.png,1,0.9018955230712891,1,0.9463205112945579,0,1,775.693359375,425.6861267089844,839.1159057617188,508.037353515625
risid_wlgcam2_20200901071001_video_000336_7_0.png,2,0.2974846661090851,0,0.0,-1,1,609.822509765625,164.69700622558594,636.9078369140625,182.04061889648438
risid_wlgcam2_20200901071001_video_000354_7_0.png,1,0.889148473739624,1,0.9465399589893031,0,1,741.4556274414062,293.0105895996094,807.5160522460938,370.2888488769531
risid_wlgcam2_20200901071001_video_000378_4_0.png,1,0.9242834448814392,1,0.9111931200512957,0,1,676.05810546875,38.748374938964844,743.7462768554688,106.8587875366211
risid_wlgcam2_20200901071001_video_000384_4_0.png,1,0.7498148083686829,1,0.9166028836841883,0,1,808.8944702148438,49.63595199584961,877.8944091796875,114.1138916015625
risid_wlgcam2_20200901071001_video_000828_1_0.png,1,0.7583978176116943,1,0.8981913872421387,0,1,929.0670166015625,449.891357421875,952.5931396484375,479.04266357421875
risid_wlgcam2_20200901071001_video_000834_1_0.png,1,0.6260124444961548,1,0.9108564404288741,0,1,921.9703979492188,389.97412109375,946.3302001953125,418.998779296875
risid_wlgcam2_20200901094001_video_000714_1_0.png,1,0.6237680315971375,1,0.8131506234309243,0,1,911.28662109375,766.0560302734375,954.9636840820312,786.8915405273438
risid_wlgcam2_20200901094001_video_000834_5_0.png,1,0.9225871562957764,1,0.9701391342174183,0,1,789.5013427734375,340.09918212890625,833.82373046875,387.79840087890625
risid_wlgcam2_20200901095002_video_000282_1_0.png,1,0.6428342461585999,0,0.0,-1,1,991.5979614257812,203.480712890625,1004.1483154296875,228.0890350341797
risid_wlgcam2_20200901095002_video_000282_1_0.png,2,0.6245092153549194,1,0.802662599540274,0,1,865.7701416015625,240.3105926513672,911.7120971679688,259.3088684082031
risid_wlgcam2_20200901095002_video_000288_1_0.png,1,0.8140985369682312,1,0.8740182808630131,0,1,760.9544067382812,122.95338439941406,802.1539916992188,139.51788330078125
risid_wlgcam2_20200901095002_video_000288_1_0.png,2,0.702704668045044,0,0.0,-1,1,879.1170654296875,96.47343444824219,891.2449340820312,118.60612487792969
riverine_test(104).jpg,1,0.8515117764472961,1,0.8543773118377249,0,3,4241.4716796875,1477.907470703125,4507.01611328125,1672.2410888671875
riverine_test(104).jpg,2,0.8135582208633423,1,0.8633644603935772,2,3,2930.3935546875,481.8538513183594,3204.4697265625,623.2373657226562
riverine_test(105).jpg,1,0.8791316151618958,1,0.7724363979281241,2,3,4943.55224609375,2211.867919921875,5259.52734375,2458.1396484375
riverine_test(105).jpg,2,0.6534217000007629,1,0.898773366052348,0,3,3627.230712890625,572.5438232421875,4023.056884765625,794.3434448242188
riverine_test(106).jpg,1,0.6989560723304749,1,0.6950101521021301,1,3,2010.763671875,766.2012329101562,2396.765869140625,1171.0498046875
riverine_test(106).jpg,2,0.6722765564918518,1,0.9080696755738492,0,3,2809.556640625,1276.603515625,3101.822021484375,1554.6754150390625
riverine_test(106).jpg,3,0.5948535203933716,0,0.0,-1,3,2040.3759765625,795.4675903320312,2342.159912109375,1129.99267578125
riverine_test(106).jpg,4,0.5467352867126465,1,0.6298194604641116,2,3,4473.546875,1813.7532958984375,4914.44189453125,2146.2822265625
riverine_test(106).jpg,5,0.4696404039859772,0,0.0,-1,3,4497.1279296875,1828.8798828125,4923.52734375,2140.4072265625
riverine_test(119).jpg,1,0.8573796153068542,1,0.8277662448812249,0,2,486.91925048828125,2021.621826171875,1229.9920654296875,3162.503662109375
riverine_test(119).jpg,2,0.5934391021728516,1,0.8135767632709492,1,2,1967.92724609375,2885.2529296875,2547.9375,3353.509033203125
riverine_test(119).jpg,3,0.3392605781555176,0,0.0,-1,2,1972.2432861328125,2888.049560546875,2550.1318359375,3355.677734375
riverine_test(12).jpg,1,0.9584009051322937,1,0.7746500315230882,0,2,2021.2945556640625,2011.2684326171875,2851.9150390625,2718.341552734375
riverine_test(12).jpg,2,0.5733557939529419,0,0.30025644192500195,-1,2,425.4841613769531,3403.713623046875,687.8077392578125,3832.14013671875
riverine_test(12).jpg,3,0.44292721152305603,1,0.6490537893272981,1,2,153.60739135742188,3396.115478515625,660.1670532226562,3924.636962890625
riverine_test(122).jpg,1,0.9247490763664246,1,0.6768408165083051,0,5,454.9635925292969,2045.0511474609375,899.2501831054688,2455.821533203125
riverine_test(122).jpg,2,0.3818383812904358,1,0.8215772952578609,2,5,1841.42578125,2444.9638671875,2783.37646484375,3222.829345703125
riverine_test(122).jpg,3,0.3688509464263916,1,0.6870308714669565,3,5,488.9477844238281,2577.8603515625,1341.7125244140625,3168.84716796875
riverine_test(13).jpg,1,0.9455063343048096,1,0.767111173976327,0,2,448.8992004394531,1644.25537109375,949.2156982421875,2099.992431640625
riverine_test(13).jpg,2,0.5210968255996704,1,0.8639929314937325,1,2,163.44442749023438,2015.3624267578125,736.9405517578125,2612.338623046875
riverine_test(13).jpg,3,0.4744306206703186,0,0.0,-1,2,156.45794677734375,2018.1805419921875,729.6015014648438,2613.21435546875
riverine_test(2).jpg,1,0.9090624451637268,1,0.8517676934082156,1,3,398.553955078125,2479.61865234375,718.294677734375,2902.556396484375
riverine_test(2).jpg,2,0.8310587406158447,1,0.7682006435909101,2,3,2301.830810546875,3312.467529296875,2952.79052734375,3770.981689453125
riverine_test(2).jpg,3,0.7314351201057434,1,0.8410377664864137,0,3,1646.5928955078125,1869.3809814453125,1937.690185546875,2151.541259765625
riverine_test(38).jpg,1,0.9435327649116516,1,0.8900508392254752,3,4,199.73556518554688,1857.8643798828125,741.2599487304688,2462.2275390625
riverine_test(38).jpg,2,0.9083756804466248,1,0.8448514184576376,2,4,713.89013671875,1688.0172119140625,1085.52734375,2043.9686279296875
riverine_test(38).jpg,3,0.8909212350845337,1,0.8002319627570299,0,4,368.06488037109375,873.4888916015625,797.0499877929688,1287.609375
riverine_test(38).jpg,4,0.5079684853553772,1,0.7220184929786965,1,4,1049.24462890625,1216.6368408203125,1252.0438232421875,1450.921630859375
riverine_test(4).jpg,1,0.9260750412940979,1,0.8421785789495777,1,6,1115.8603515625,2453.00732421875,1677.92919921875,3326.4375
riverine_test(4).jpg,2,0.9204261898994446,1,0.8406011142210738,5,6,206.8488006591797,1645.120849609375,862.2003784179688,2168.1318359375
riverine_test(4).jpg,3,0.8911641240119934,1,0.899593966454084,0,6,187.6122589111328,1084.68310546875,790.9523315429688,1653.4033203125
riverine_test(4).jpg,4,0.6782458424568176,1,0.871153210314153,2,6,937.001708984375,3453.3408203125,1557.0509033203125,4032.0
riverine_test(4).jpg,5,0.2712453007698059,1,0.8482796637905279,4,6,281.6910400390625,2159.234130859375,1060.419677734375,2842.520751953125
riverine_test(41).jpg,1,0.9546207785606384,1,0.7750565222299359,2,5,409.72021484375,1787.1636962890625,714.5057983398438,2235.095947265625
riverine_test(41).jpg,2,0.9103803038597107,1,0.8434994662416331,0,5,256.8473205566406,2529.2919921875,556.8211059570312,2939.974609375
riverine_test(41).jpg,3,0.8773896098136902,1,0.8569029814259376,3,5,1125.2315673828125,3370.087646484375,1380.84814453125,3853.318115234375
riverine_test(41).jpg,4,0.6612926125526428,1,0.8205923191363492,1,5,789.60791015625,2114.687255859375,1074.17431640625,2409.10205078125
riverine_test(44).jpg,1,0.8827869296073914,0,0.3897891312447792,-1,4,388.9946594238281,2740.16455078125,794.6426391601562,3104.98486328125
riverine_test(44).jpg,2,0.7516606450080872,1,0.8528213045246016,0,4,496.69989013671875,1214.488037109375,739.3882446289062,1412.9268798828125
riverine_test(44).jpg,3,0.7516558170318604,1,0.8707969397398767,1,4,122.67072296142578,2410.49267578125,457.3634338378906,2674.72119140625
riverine_test(44).jpg,4,0.31272444128990173,0,0.0,-1,4,2551.87060546875,3827.94287109375,3014.896240234375,4031.223876953125
riverine_test(44).jpg,5,0.28313300013542175,0,0.0,-1,4,137.3018035888672,2425.778564453125,449.0705261230469,2673.321044921875
riverine_test(86).jpg,1,0.8393366932868958,0,0.4302922743085499,-1,2,767.976318359375,1056.7491455078125,1044.1759033203125,1217.5914306640625
riverine_train(1013).jpg,1,0.8201059103012085,1,0.6453222081166535,1,2,3641.1435546875,1251.097412109375,3835.660888671875,1489.7994384765625
riverine_train(1013).jpg,2,0.8071586489677429,1,0.5839649110661306,0,2,3963.59716796875,1523.3353271484375,4279.99609375,1849.740234375
